timestamp,roll,pitch,yaw,x,y,z
0.000000,0.000000,0.000000,0.000000,0.000000,0.000000,0.000000
0.050000,-0.000594,0.000539,0.000071,-0.000088,-0.000104,0.000021
0.100000,0.000752,0.001018,-0.000400,-0.000344,-0.000460,0.000110
0.150000,-0.000266,0.000747,-0.000216,-0.000576,-0.000752,0.000196
0.200000,-0.000210,0.002122,0.000227,-0.000802,-0.001025,0.000277
0.250000,-0.000408,0.000979,-0.000162,-0.001473,-0.001805,0.000508
0.300000,-0.000678,0.002135,0.000407,-0.002352,-0.002805,0.000802
0.350000,-0.000739,0.002109,0.000422,-0.003474,-0.004019,0.001177
0.400000,-0.000739,0.002109,0.000422,-0.003474,-0.004019,0.001177
0.450000,-0.000532,0.001998,-0.000199,-0.004864,-0.005469,0.001623
0.500000,-0.000357,0.003416,-0.000366,-0.006500,-0.007140,0.002139
0.550000,-0.000062,0.003394,-0.000064,-0.008419,-0.009036,0.002735
0.600000,-0.000062,0.003394,-0.000064,-0.008419,-0.009036,0.002735
0.650000,-0.000638,0.003321,-0.000107,-0.010658,-0.011148,0.003402
0.700000,-0.000617,0.003693,-0.001021,-0.013199,-0.013516,0.004148
0.750000,-0.000893,0.004588,-0.000745,-0.016028,-0.016101,0.004963
0.800000,-0.000893,0.004588,-0.000745,-0.016028,-0.016101,0.004963
0.850000,-0.001162,0.005563,-0.000968,-0.019213,-0.018922,0.005835
0.900000,-0.002640,0.007256,-0.001413,-0.022794,-0.022004,0.006785
0.950000,-0.003560,0.009089,-0.001174,-0.026862,-0.025423,0.007824
1.000000,-0.005079,0.010646,-0.001570,-0.029294,-0.027434,0.008418
1.050000,-0.005960,0.010755,-0.001855,-0.031440,-0.029189,0.008934
1.100000,-0.004382,0.011496,-0.000769,-0.036613,-0.033347,0.010136
1.150000,-0.005450,0.011295,-0.001216,-0.042466,-0.037958,0.011434
1.200000,-0.004954,0.011802,-0.001033,-0.048879,-0.042946,0.012794
1.250000,-0.004954,0.011802,-0.001033,-0.048879,-0.042946,0.012794
1.300000,-0.005814,0.012701,-0.001152,-0.055940,-0.048366,0.014239
1.350000,-0.005832,0.012644,-0.001041,-0.063678,-0.054209,0.015772
1.400000,-0.005436,0.013635,-0.000746,-0.072167,-0.060539,0.017394
1.450000,-0.005436,0.013635,-0.000746,-0.072167,-0.060539,0.017394
1.500000,-0.005997,0.013906,-0.000577,-0.081313,-0.067262,0.019083
1.550000,-0.006458,0.013780,-0.000996,-0.091203,-0.074424,0.020869
1.600000,-0.005455,0.014116,-0.001053,-0.101845,-0.082058,0.022744
1.650000,-0.005723,0.014653,-0.000732,-0.113325,-0.090198,0.024738
1.700000,-0.005723,0.014653,-0.000732,-0.113325,-0.090198,0.024738
1.750000,-0.005945,0.014355,-0.000647,-0.125464,-0.098728,0.026798
1.800000,-0.005766,0.015603,-0.000259,-0.138367,-0.107708,0.028919
1.850000,-0.006164,0.016041,-0.000135,-0.152072,-0.117143,0.031105
1.900000,-0.006164,0.016041,-0.000135,-0.152072,-0.117143,0.031105
1.950000,-0.006691,0.014654,-0.000851,-0.166704,-0.127126,0.033380
2.000000,-0.007003,0.016969,-0.000590,-0.182038,-0.137505,0.035719
2.050000,-0.006356,0.016805,-0.000830,-0.198203,-0.148363,0.038126
2.100000,-0.006356,0.016805,-0.000830,-0.198203,-0.148363,0.038126
2.150000,-0.006682,0.017068,-0.001380,-0.215359,-0.159784,0.040625
2.200000,-0.006832,0.018469,-0.000903,-0.233273,-0.171610,0.043182
2.250000,-0.007032,0.018261,-0.001928,-0.252096,-0.183905,0.045810
2.300000,-0.007087,0.018192,-0.001135,-0.269393,-0.195114,0.048189
2.350000,-0.007282,0.017926,-0.001097,-0.271835,-0.196690,0.048521
2.400000,-0.006700,0.018148,-0.001540,-0.292660,-0.210062,0.051333
2.450000,-0.006830,0.019064,-0.001401,-0.314260,-0.223825,0.054206
2.500000,-0.007213,0.018656,-0.001765,-0.336803,-0.238092,0.057164
2.550000,-0.007213,0.018656,-0.001765,-0.336803,-0.238092,0.057164
2.600000,-0.006882,0.019040,-0.001347,-0.360291,-0.252862,0.060198
2.650000,-0.007272,0.019010,-0.001245,-0.384925,-0.268252,0.063335
2.700000,-0.006692,0.020273,-0.001963,-0.410348,-0.284042,0.066532
2.750000,-0.006692,0.020273,-0.001963,-0.410348,-0.284042,0.066532
2.800000,-0.007130,0.020080,-0.001683,-0.436777,-0.300322,0.069804
2.850000,-0.006878,0.020048,-0.001695,-0.464221,-0.317102,0.073150
2.900000,-0.006789,0.021347,-0.002194,-0.492904,-0.334516,0.076609
2.950000,-0.007563,0.020898,-0.002367,-0.522411,-0.352303,0.080159
3.000000,-0.007563,0.020898,-0.002367,-0.522411,-0.352303,0.080159
3.050000,-0.006563,0.021744,-0.002370,-0.552991,-0.370593,0.083809
3.100000,-0.006873,0.022632,-0.002644,-0.584895,-0.389533,0.087575
3.150000,-0.007877,0.022729,-0.002287,-0.617686,-0.408849,0.091401
3.200000,-0.007877,0.022729,-0.002287,-0.617686,-0.408849,0.091401
3.250000,-0.006954,0.022711,-0.001817,-0.651602,-0.428680,0.095324
3.300000,-0.006606,0.022816,-0.002745,-0.686640,-0.449010,0.099339
3.350000,-0.006987,0.023836,-0.003130,-0.723087,-0.470004,0.103465
3.400000,-0.006987,0.023836,-0.003130,-0.723087,-0.470004,0.103465
3.450000,-0.007289,0.023826,-0.003628,-0.760437,-0.491354,0.107633
3.500000,-0.007674,0.024389,-0.002074,-0.798951,-0.513198,0.111883
3.550000,-0.008467,0.024963,-0.002361,-0.838645,-0.535543,0.116221
3.600000,-0.007549,0.025333,-0.002960,-0.879854,-0.558596,0.120695
3.650000,-0.007549,0.025333,-0.002960,-0.879854,-0.558596,0.120695
3.700000,-0.008205,0.025140,-0.003610,-0.921973,-0.582011,0.125233
3.750000,-0.007623,0.025950,-0.003303,-0.965314,-0.605970,0.129856
3.800000,-0.007467,0.026445,-0.003514,-1.009899,-0.630461,0.134546
3.850000,-0.007467,0.026445,-0.003514,-1.009899,-0.630461,0.134546
3.900000,-0.008210,0.025857,-0.002996,-1.056106,-0.655704,0.139360
3.950000,-0.008059,0.027644,-0.002925,-1.103229,-0.681318,0.144221
4.000000,-0.008107,0.027579,-0.003086,-1.151659,-0.707486,0.149179
4.050000,-0.008107,0.027579,-0.003086,-1.151659,-0.707486,0.149179
4.100000,-0.008942,0.028148,-0.003192,-1.201794,-0.734410,0.154266
4.150000,-0.008350,0.028238,-0.003421,-1.252899,-0.761679,0.159410
4.200000,-0.008826,0.028257,-0.003306,-1.305363,-0.789493,0.164653
4.250000,-0.007470,0.028548,-0.002946,-1.330069,-0.802536,0.167105
4.300000,-0.007803,0.028631,-0.002972,-1.359195,-0.817862,0.169979
4.350000,-0.008982,0.029631,-0.002883,-1.414840,-0.847011,0.175442
4.400000,-0.007795,0.028878,-0.003293,-1.471450,-0.876513,0.180954
4.450000,-0.009210,0.029694,-0.003373,-1.529449,-0.906554,0.186564
4.500000,-0.009210,0.029694,-0.003373,-1.529449,-0.906554,0.186564
4.550000,-0.008441,0.030097,-0.003346,-1.588852,-0.937153,0.192283
4.600000,-0.008157,0.029953,-0.003311,-1.650137,-0.968536,0.198152
4.650000,-0.008181,0.030811,-0.003278,-1.712417,-1.000225,0.204090
4.700000,-0.008181,0.030811,-0.003278,-1.712417,-1.000225,0.204090
4.750000,-0.008850,0.030615,-0.003661,-1.776163,-1.032469,0.210132
4.800000,-0.009030,0.031859,-0.003559,-1.841385,-1.065288,0.216271
4.850000,-0.009841,0.032220,-0.003236,-1.908604,-1.098927,0.222543
4.900000,-0.009841,0.032220,-0.003236,-1.908604,-1.098927,0.222543
4.950000,-0.009058,0.032983,-0.003507,-1.976845,-1.132912,0.228859
5.000000,-0.009101,0.032212,-0.003436,-2.046604,-1.167498,0.235274
5.050000,-0.008926,0.033271,-0.003403,-2.118421,-1.202927,0.241822
5.100000,-0.009069,0.032740,-0.003841,-2.191249,-1.238676,0.248415
5.150000,-0.009069,0.032740,-0.003841,-2.191249,-1.238676,0.248415
5.200000,-0.009119,0.033180,-0.003825,-2.265637,-1.275007,0.255110
5.250000,-0.009212,0.033921,-0.004127,-2.341614,-1.311941,0.261896
5.300000,-0.009067,0.034156,-0.004191,-2.419772,-1.349776,0.268832
5.350000,-0.009067,0.034156,-0.004191,-2.419772,-1.349776,0.268832
5.400000,-0.010065,0.034287,-0.004171,-2.498951,-1.387926,0.275830
5.450000,-0.009312,0.034633,-0.003744,-2.579741,-1.426683,0.282928
5.500000,-0.009734,0.034605,-0.004122,-2.662158,-1.466049,0.290115
5.550000,-0.009540,0.035091,-0.004196,-2.687456,-1.478097,0.292312
5.600000,-0.010116,0.035157,-0.004264,-2.746859,-1.506325,0.297453
5.650000,-0.009937,0.035715,-0.004106,-2.832584,-1.546913,0.304826
5.700000,-0.009507,0.036369,-0.004194,-2.919972,-1.588118,0.312292
5.750000,-0.010475,0.036965,-0.004449,-3.009067,-1.629931,0.319881
5.800000,-0.010475,0.036965,-0.004449,-3.009067,-1.629931,0.319881
5.850000,-0.009604,0.037530,-0.004401,-3.100584,-1.672701,0.327635
5.900000,-0.011144,0.037797,-0.004317,-3.193165,-1.715786,0.335430
5.950000,-0.010965,0.038065,-0.004771,-3.287501,-1.759530,0.343330
6.000000,-0.010480,0.037874,-0.005241,-3.384345,-1.804280,0.351406
6.050000,-0.010467,0.038220,-0.004531,-3.482243,-1.849338,0.359532
6.100000,-0.010467,0.038220,-0.004531,-3.482243,-1.849338,0.359532
6.150000,-0.010333,0.038263,-0.004530,-3.581923,-1.895037,0.367765
6.200000,-0.010528,0.039150,-0.005222,-3.683393,-1.941376,0.376093
6.250000,-0.010743,0.039116,-0.005056,-3.787454,-1.988715,0.384603
6.300000,-0.010743,0.039116,-0.005056,-3.787454,-1.988715,0.384603
6.350000,-0.010478,0.039994,-0.005127,-3.892538,-2.036347,0.393163
6.400000,-0.010193,0.039908,-0.005102,-3.999466,-2.084643,0.401839
6.450000,-0.011194,0.040591,-0.004981,-4.108269,-2.133599,0.410628
6.500000,-0.011036,0.040235,-0.004458,-4.219788,-2.183586,0.419611
6.550000,-0.011036,0.040235,-0.004458,-4.219788,-2.183586,0.419611
6.600000,-0.010682,0.040924,-0.004210,-4.332360,-2.233849,0.428641
6.650000,-0.011368,0.041690,-0.004439,-4.446844,-2.284761,0.437784
6.700000,-0.011199,0.042082,-0.005234,-4.563251,-2.336333,0.447039
6.750000,-0.011199,0.042082,-0.005234,-4.563251,-2.336333,0.447039
6.800000,-0.011774,0.042233,-0.005289,-4.682498,-2.388982,0.456498
6.850000,-0.011196,0.042968,-0.005143,-4.802816,-2.441914,0.466005
6.900000,-0.011286,0.043270,-0.005031,-4.925120,-2.495527,0.475622
6.950000,-0.011452,0.043259,-0.005370,-4.996454,-2.526699,0.481214
7.000000,-0.011645,0.043190,-0.005447,-5.050390,-2.550221,0.485436
7.050000,-0.010739,0.043760,-0.005950,-5.176715,-2.605187,0.495291
7.100000,-0.011391,0.044261,-0.005962,-5.305038,-2.660820,0.505258
7.150000,-0.011127,0.044286,-0.005801,-5.435390,-2.717137,0.515353
7.200000,-0.011127,0.044286,-0.005801,-5.435390,-2.717137,0.515353
7.250000,-0.012103,0.044975,-0.005665,-5.568800,-2.774557,0.525646
7.300000,-0.011811,0.044778,-0.005580,-5.703271,-2.832230,0.535983
7.350000,-0.012307,0.045317,-0.006140,-5.839827,-2.890612,0.546433
7.400000,-0.012307,0.045317,-0.006140,-5.839827,-2.890612,0.546433
7.450000,-0.011389,0.045779,-0.005780,-5.978495,-2.949697,0.557011
7.500000,-0.011620,0.045693,-0.006049,-6.120337,-3.009941,0.567794
7.550000,-0.012363,0.046398,-0.005684,-6.263238,-3.070431,0.578615
7.600000,-0.012363,0.046398,-0.005684,-6.263238,-3.070431,0.578615
7.650000,-0.011926,0.046626,-0.006087,-6.408268,-3.131624,0.589551
7.700000,-0.012183,0.046794,-0.006080,-6.555438,-3.193523,0.600612
7.750000,-0.011627,0.047397,-0.005802,-6.705926,-3.256603,0.611889
7.800000,-0.012180,0.048043,-0.006644,-6.789473,-3.291535,0.618137
7.850000,-0.011311,0.047827,-0.005969,-6.857486,-3.319921,0.623216
7.900000,-0.011431,0.048467,-0.006127,-7.011251,-3.383939,0.634687
7.950000,-0.011858,0.048318,-0.006624,-7.168425,-3.449172,0.646397
8.000000,-0.011781,0.048818,-0.006474,-7.326641,-3.514625,0.658144
8.050000,-0.011781,0.048818,-0.006474,-7.326641,-3.514625,0.658144
8.100000,-0.011991,0.049139,-0.006299,-7.487084,-3.580778,0.670027
8.150000,-0.012513,0.050315,-0.006964,-7.649787,-3.647666,0.682058
8.200000,-0.011563,0.050587,-0.005826,-7.816028,-3.715783,0.694321
8.250000,-0.011563,0.050587,-0.005826,-7.816028,-3.715783,0.694321
8.300000,-0.011983,0.050420,-0.006939,-7.983312,-3.784092,0.706618
8.350000,-0.012463,0.050693,-0.007344,-8.152890,-3.853117,0.719052
8.400000,-0.012417,0.051520,-0.006746,-8.324766,-3.922862,0.731629
8.450000,-0.012417,0.051520,-0.006746,-8.324766,-3.922862,0.731629
8.500000,-0.012278,0.051735,-0.007476,-8.500326,-3.993878,0.744444
8.550000,-0.012241,0.051887,-0.006973,-8.676941,-4.065096,0.757306
8.600000,-0.012864,0.052569,-0.006620,-8.855919,-4.137036,0.770299
8.650000,-0.013423,0.051978,-0.006919,-9.037275,-4.209698,0.783441
8.700000,-0.013423,0.051978,-0.006919,-9.037275,-4.209698,0.783441
8.750000,-0.012573,0.052916,-0.007093,-9.222419,-4.283670,0.796830
8.800000,-0.012669,0.052673,-0.007414,-9.408594,-4.357825,0.810257
8.850000,-0.012893,0.052721,-0.007062,-9.597199,-4.432700,0.823838
8.900000,-0.012893,0.052721,-0.007062,-9.597199,-4.432700,0.823838
8.950000,-0.013685,0.053405,-0.007457,-9.789696,-4.508889,0.837670
9.000000,-0.012597,0.053691,-0.007170,-9.983187,-4.585254,0.851540
9.050000,-0.012640,0.055154,-0.006836,-10.179143,-4.662335,0.865551
9.100000,-0.012881,0.054548,-0.007247,-10.377597,-4.740141,0.879714
9.150000,-0.012881,0.054548,-0.007247,-10.377597,-4.740141,0.879714
9.200000,-0.013598,0.054722,-0.007990,-10.580078,-4.819289,0.894137
9.250000,-0.012733,0.055424,-0.007291,-10.783553,-4.898599,0.908609
9.300000,-0.012785,0.056223,-0.008151,-10.989565,-4.978650,0.923248
9.350000,-0.012785,0.056223,-0.008151,-10.989565,-4.978650,0.923248
9.400000,-0.012522,0.056597,-0.007269,-11.198123,-5.059457,0.938046
9.450000,-0.012476,0.055847,-0.007418,-11.410849,-5.141618,0.953127
9.500000,-0.013298,0.057237,-0.007903,-11.624545,-5.223892,0.968255
9.550000,-0.013298,0.057237,-0.007903,-11.624545,-5.223892,0.968255
9.600000,-0.013299,0.057143,-0.007862,-11.840834,-5.306910,0.983539
9.650000,-0.013023,0.057270,-0.007665,-12.059710,-5.390675,0.998976
9.700000,-0.012934,0.057450,-0.007243,-12.282882,-5.475823,1.014689
9.750000,-0.013301,0.057872,-0.008510,-12.506995,-5.561084,1.030436
9.800000,-0.013301,0.057872,-0.008510,-12.506995,-5.561084,1.030436
9.850000,-0.013708,0.058355,-0.008029,-12.733727,-5.647120,1.046329
9.900000,-0.013902,0.059213,-0.007922,-12.964852,-5.734591,1.062505
9.950000,-0.013841,0.058923,-0.008398,-13.196910,-5.822179,1.078720
10.000000,-0.013966,0.059008,-0.008372,-13.278406,-5.852883,1.084406
10.050000,-0.013811,0.059288,-0.008896,-13.431642,-5.910547,1.095089
10.100000,-0.014040,0.060078,-0.008402,-13.669056,-5.999699,1.111608
10.150000,-0.014046,0.060075,-0.009068,-13.910998,-6.090330,1.128400
10.200000,-0.014252,0.060908,-0.009432,-14.153843,-6.181084,1.145222
10.250000,-0.014252,0.060908,-0.009432,-14.153843,-6.181084,1.145222
10.300000,-0.014277,0.060878,-0.008770,-14.399432,-6.272633,1.162210
10.350000,-0.013988,0.061159,-0.009253,-14.647756,-6.364971,1.179353
10.400000,-0.014261,0.061791,-0.008865,-14.900741,-6.458801,1.196783
10.450000,-0.014261,0.061791,-0.008865,-14.900741,-6.458801,1.196783
10.500000,-0.014175,0.062432,-0.008875,-15.154622,-6.552730,1.214245
10.550000,-0.014779,0.062426,-0.009253,-15.411320,-6.647455,1.231859
10.600000,-0.014647,0.062150,-0.009197,-15.670834,-6.742982,1.249638
10.650000,-0.014647,0.062150,-0.009197,-15.670834,-6.742982,1.249638
10.700000,-0.014095,0.062315,-0.008911,-15.935160,-6.840042,1.267719
10.750000,-0.014362,0.063806,-0.008888,-16.200339,-6.937181,1.285850
10.800000,-0.014477,0.063639,-0.009100,-16.468370,-7.035117,1.304157
10.850000,-0.014551,0.063852,-0.009585,-16.597299,-7.082139,1.312954
10.900000,-0.014154,0.064188,-0.009136,-16.741320,-7.134601,1.322779
10.950000,-0.014493,0.064554,-0.009285,-17.015119,-7.234156,1.341442
11.000000,-0.014339,0.064975,-0.009394,-17.291828,-7.334512,1.360268
11.050000,-0.014465,0.065550,-0.009481,-17.571456,-7.435683,1.379272
11.100000,-0.014465,0.065550,-0.009481,-17.571456,-7.435683,1.379272
11.150000,-0.014282,0.065456,-0.008713,-17.856182,-7.538454,1.398593
11.200000,-0.014635,0.066491,-0.008968,-18.141715,-7.641265,1.417948
11.250000,-0.014374,0.066725,-0.009881,-18.430207,-7.744897,1.437489
11.300000,-0.014374,0.066725,-0.009881,-18.430207,-7.744897,1.437489
11.350000,-0.014815,0.066874,-0.010906,-18.721671,-7.849339,1.457197
11.400000,-0.015746,0.066797,-0.009216,-19.018375,-7.955381,1.477235
11.450000,-0.014701,0.067800,-0.009631,-19.315852,-8.061431,1.497295
11.500000,-0.015052,0.068470,-0.009404,-19.616354,-8.168282,1.517524
11.550000,-0.015052,0.068470,-0.009404,-19.616354,-8.168282,1.517524
11.600000,-0.014603,0.067801,-0.010069,-19.919901,-8.275957,1.537931
11.650000,-0.014875,0.068307,-0.010292,-20.228828,-8.385288,1.558674
11.700000,-0.014620,0.068341,-0.010119,-20.538497,-8.494626,1.579440
11.750000,-0.014620,0.068341,-0.010119,-20.538497,-8.494626,1.579440
11.800000,-0.014846,0.068739,-0.010306,-20.851236,-8.604771,1.600379
11.850000,-0.015413,0.068778,-0.010585,-21.169464,-8.716579,1.621657
11.900000,-0.014990,0.069739,-0.010634,-21.488394,-8.828386,1.642944
11.950000,-0.014990,0.069739,-0.010634,-21.488394,-8.828386,1.642944
12.000000,-0.015263,0.070030,-0.010406,-21.810428,-8.941025,1.664413
12.050000,-0.014909,0.069690,-0.010922,-22.135593,-9.054491,1.686084
12.100000,-0.015728,0.070674,-0.010476,-22.466385,-9.169655,1.708114
12.150000,-0.015654,0.070656,-0.010905,-22.797861,-9.284791,1.730158
12.200000,-0.015654,0.070656,-0.010905,-22.797861,-9.284791,1.730158
12.250000,-0.015416,0.070379,-0.010636,-23.132495,-9.400762,1.752402
12.300000,-0.015436,0.070941,-0.010807,-23.470301,-9.517580,1.774841
12.350000,-0.015537,0.072457,-0.010353,-23.813896,-9.636127,1.797655
12.400000,-0.015537,0.072457,-0.010353,-23.813896,-9.636127,1.797655
12.450000,-0.015438,0.072578,-0.011378,-24.158129,-9.754625,1.820480
12.500000,-0.015453,0.072132,-0.010200,-24.505595,-9.873958,1.843512
12.550000,-0.015936,0.073226,-0.010631,-24.856318,-9.994129,1.866753
12.600000,-0.015936,0.073226,-0.010631,-24.856318,-9.994129,1.866753
12.650000,-0.015826,0.072986,-0.010315,-25.212998,-10.116073,1.890388
12.700000,-0.016114,0.073719,-0.010711,-25.570283,-10.237964,1.914057
12.750000,-0.016103,0.073604,-0.010764,-25.930853,-10.360710,1.937934
12.800000,-0.016246,0.073848,-0.011098,-26.038013,-10.397142,1.945027
12.850000,-0.016186,0.074312,-0.011229,-26.297484,-10.485266,1.962199
12.900000,-0.016015,0.074704,-0.010785,-26.664687,-10.609762,1.986494
12.950000,-0.016483,0.074897,-0.010953,-27.035230,-10.735130,2.011006
13.000000,-0.016333,0.075301,-0.011129,-27.409116,-10.861359,2.035734
13.050000,-0.016333,0.075301,-0.011129,-27.409116,-10.861359,2.035734
13.100000,-0.016888,0.076061,-0.011128,-27.789241,-10.989442,2.060868
13.150000,-0.016659,0.075790,-0.011230,-28.169896,-11.117477,2.086029
13.200000,-0.016613,0.075945,-0.011052,-28.553926,-11.246415,2.111418
13.250000,-0.016613,0.075945,-0.011052,-28.553926,-11.246415,2.111418
13.300000,-0.016431,0.076919,-0.010886,-28.941340,-11.376252,2.137032
13.350000,-0.017738,0.076224,-0.011522,-29.335143,-11.507992,2.163067
13.400000,-0.017313,0.077268,-0.011407,-29.729430,-11.639656,2.189138
13.450000,-0.017313,0.077268,-0.011407,-29.729430,-11.639656,2.189138
13.500000,-0.016724,0.078453,-0.010616,-30.127172,-11.772222,2.215421
13.550000,-0.017150,0.077794,-0.011242,-30.528393,-11.905673,2.241932
13.600000,-0.016932,0.078132,-0.011231,-30.936177,-12.041026,2.268878
13.650000,-0.017226,0.079005,-0.011110,-31.344396,-12.176260,2.295841
13.700000,-0.017226,0.079005,-0.011110,-31.344396,-12.176260,2.295841
13.750000,-0.017935,0.079141,-0.011296,-31.756133,-12.312414,2.323034
13.800000,-0.017962,0.079866,-0.011471,-32.174559,-12.450558,2.350666
13.850000,-0.017843,0.080107,-0.011109,-32.593410,-12.588612,2.378322
13.900000,-0.017843,0.080107,-0.011109,-32.593410,-12.588612,2.378322
13.950000,-0.017920,0.080112,-0.010616,-33.015824,-12.727581,2.406197
14.000000,-0.017614,0.080511,-0.011123,-33.441803,-12.867485,2.434295
14.050000,-0.017826,0.080728,-0.011478,-33.874623,-13.009400,2.462844
14.100000,-0.018255,0.080800,-0.011775,-34.005506,-13.052264,2.471474
14.150000,-0.018838,0.080782,-0.011255,-34.307785,-13.151187,2.491397
14.200000,-0.017960,0.081722,-0.011400,-34.744531,-13.293916,2.520173
14.250000,-0.018345,0.081407,-0.011288,-35.184896,-13.437573,2.549183
14.300000,-0.018520,0.082317,-0.011846,-35.632283,-13.583283,2.578656
14.350000,-0.018520,0.082317,-0.011846,-35.632283,-13.583283,2.578656
14.400000,-0.018199,0.082478,-0.011933,-36.079958,-13.728858,2.608144
14.450000,-0.017561,0.082530,-0.012156,-36.531305,-13.875377,2.637870
14.500000,-0.017747,0.083449,-0.012631,-36.986346,-14.022829,2.667818
14.550000,-0.017747,0.083449,-0.012631,-36.986346,-14.022829,2.667818
14.600000,-0.017827,0.083269,-0.012023,-37.448596,-14.172354,2.698217
14.650000,-0.018085,0.084178,-0.011274,-37.911097,-14.321703,2.728616
14.700000,-0.017825,0.084550,-0.011531,-38.377328,-14.471996,2.759259
14.750000,-0.017825,0.084550,-0.011531,-38.377328,-14.471996,2.759259
14.800000,-0.018137,0.084171,-0.012350,-38.850877,-14.624379,2.790370
14.850000,-0.018217,0.084499,-0.011791,-39.324615,-14.776568,2.821496
14.900000,-0.018687,0.084693,-0.012009,-39.802113,-14.929724,2.852870
14.950000,-0.018003,0.084671,-0.011841,-40.283370,-15.083850,2.884491
15.000000,-0.018003,0.084671,-0.011841,-40.283370,-15.083850,2.884491
15.050000,-0.018140,0.085734,-0.011883,-40.772094,-15.240089,2.916593
15.100000,-0.018570,0.086690,-0.012813,-41.260956,-15.396096,2.948722
15.150000,-0.018197,0.086379,-0.012575,-41.753630,-15.553052,2.981113
15.200000,-0.018197,0.086379,-0.012575,-41.753630,-15.553052,2.981113
15.250000,-0.017522,0.087142,-0.012425,-42.250149,-15.710954,3.013773
15.300000,-0.018438,0.086490,-0.012816,-42.754341,-15.871008,3.046923
15.350000,-0.018459,0.086691,-0.012020,-43.258611,-16.030832,3.080080
15.400000,-0.018459,0.086691,-0.012020,-43.258611,-16.030832,3.080080
15.450000,-0.018239,0.088074,-0.012446,-43.766756,-16.191625,3.113514
15.500000,-0.018945,0.088140,-0.012131,-44.278796,-16.353383,3.147230
15.550000,-0.018873,0.089038,-0.012815,-44.798687,-16.517350,3.181460
15.600000,-0.018702,0.089122,-0.013010,-45.318641,-16.681066,3.215682
15.650000,-0.018702,0.089122,-0.013010,-45.318641,-16.681066,3.215682
15.700000,-0.019104,0.089353,-0.012940,-45.842542,-16.845761,3.250158
15.750000,-0.018605,0.089556,-0.011849,-46.374434,-17.012702,3.285149
15.800000,-0.019044,0.089592,-0.012863,-46.906320,-17.179382,3.320136
15.850000,-0.019044,0.089592,-0.012863,-46.906320,-17.179382,3.320136
15.900000,-0.018441,0.090251,-0.013018,-47.442190,-17.347056,3.355393
15.950000,-0.019165,0.090524,-0.013151,-47.982070,-17.515704,3.390909
16.000000,-0.019087,0.091113,-0.013409,-48.530134,-17.686612,3.426970
16.050000,-0.019087,0.091113,-0.013409,-48.530134,-17.686612,3.426970
16.100000,-0.018510,0.090769,-0.014128,-49.078131,-17.857208,3.463030
16.150000,-0.019018,0.091330,-0.013738,-49.630162,-18.028759,3.499346
16.200000,-0.018678,0.091580,-0.013676,-50.186246,-18.201283,3.535948
16.250000,-0.018748,0.092058,-0.013424,-50.682536,-18.355020,3.568613
16.300000,-0.018788,0.091646,-0.013374,-50.750653,-18.376104,3.573096
16.350000,-0.019352,0.092321,-0.014210,-51.314905,-18.550588,3.610233
16.400000,-0.019464,0.093090,-0.013904,-51.883238,-18.726053,3.647640
16.450000,-0.019178,0.093327,-0.013947,-52.455677,-18.902521,3.685334
16.500000,-0.019178,0.093327,-0.013947,-52.455677,-18.902521,3.685334
16.550000,-0.019102,0.093874,-0.012831,-53.036618,-19.081323,3.723611
16.600000,-0.019014,0.094146,-0.014411,-53.617345,-19.259759,3.761891
16.650000,-0.019216,0.093901,-0.014134,-54.202233,-19.439195,3.800453
16.700000,-0.018957,0.093915,-0.013513,-54.393661,-19.497861,3.813074
16.750000,-0.019669,0.094732,-0.013651,-54.795755,-19.620989,3.839584
16.800000,-0.019098,0.094950,-0.014351,-55.389019,-19.802409,3.878712
16.850000,-0.019022,0.095360,-0.013997,-55.986484,-19.984806,3.918124
16.900000,-0.018876,0.096208,-0.014153,-56.588167,-20.168180,3.957839
16.950000,-0.018876,0.096208,-0.014153,-56.588167,-20.168180,3.957839
17.000000,-0.019585,0.096595,-0.013932,-57.198706,-20.353959,3.998150
17.050000,-0.019444,0.096578,-0.014825,-57.808943,-20.539344,4.038440
17.100000,-0.019528,0.096860,-0.014550,-58.423447,-20.725731,4.079018
17.150000,-0.019528,0.096860,-0.014550,-58.423447,-20.725731,4.079018
17.200000,-0.020072,0.097831,-0.014201,-59.042229,-20.913121,4.119886
17.250000,-0.019232,0.097555,-0.014517,-59.670067,-21.102952,4.161372
17.300000,-0.019449,0.097989,-0.014299,-60.297519,-21.292345,4.202838
17.350000,-0.019769,0.098687,-0.014277,-60.694269,-21.411944,4.229063
17.400000,-0.019588,0.098475,-0.013968,-60.929301,-21.482736,4.244600
17.450000,-0.019870,0.098784,-0.014080,-61.565425,-21.674135,4.286666
17.500000,-0.019555,0.099030,-0.014058,-62.210750,-21.868016,4.329347
17.550000,-0.019996,0.099341,-0.014159,-62.855589,-22.061464,4.372016
17.600000,-0.019996,0.099341,-0.014159,-62.855589,-22.061464,4.372016
17.650000,-0.020532,0.098954,-0.013987,-63.504801,-22.255928,4.414996
17.700000,-0.020452,0.099873,-0.014644,-64.163357,-22.452900,4.458610
17.750000,-0.020241,0.100542,-0.014063,-64.821369,-22.649416,4.502196
17.800000,-0.020241,0.100542,-0.014063,-64.821369,-22.649416,4.502196
17.850000,-0.020140,0.100358,-0.014730,-65.483795,-22.846966,4.546094
17.900000,-0.019960,0.101287,-0.014962,-66.150653,-23.045547,4.590321
17.950000,-0.020460,0.101457,-0.014826,-66.827084,-23.246667,4.635207
18.000000,-0.020533,0.101861,-0.014885,-67.502931,-23.447313,4.680071
18.050000,-0.020533,0.101861,-0.014885,-67.502931,-23.447313,4.680071
18.100000,-0.020762,0.102175,-0.014660,-68.183277,-23.648994,4.725235
18.150000,-0.020915,0.102533,-0.014529,-68.868122,-23.851730,4.770727
18.200000,-0.021231,0.103318,-0.014505,-69.562720,-24.057085,4.816889
18.250000,-0.021231,0.103318,-0.014505,-69.562720,-24.057085,4.816889
18.300000,-0.020649,0.103292,-0.014404,-70.256650,-24.261957,4.863031
18.350000,-0.020820,0.103440,-0.015496,-70.955128,-24.467881,4.909487
18.400000,-0.021318,0.103409,-0.015024,-71.658156,-24.674879,4.956260
18.450000,-0.021318,0.103409,-0.015024,-71.658156,-24.674879,4.956260
18.500000,-0.020717,0.103767,-0.015201,-72.371133,-24.884547,5.003709
18.550000,-0.020884,0.104959,-0.015694,-73.083346,-25.093699,5.051144
18.600000,-0.021107,0.104548,-0.015363,-73.800154,-25.303905,5.098917
18.650000,-0.021409,0.105736,-0.014623,-74.527049,-25.516766,5.147398
18.700000,-0.021409,0.105736,-0.014623,-74.527049,-25.516766,5.147398
18.750000,-0.021353,0.105949,-0.015420,-75.253156,-25.729076,5.195849
18.800000,-0.021544,0.105748,-0.015021,-75.983916,-25.942442,5.244653
18.850000,-0.021527,0.107316,-0.015130,-76.719339,-26.156877,5.293815
18.900000,-0.021527,0.107316,-0.015130,-76.719339,-26.156877,5.293815
18.950000,-0.022204,0.107058,-0.015260,-77.465115,-26.374032,5.343702
19.000000,-0.021171,0.107150,-0.015844,-78.210020,-26.590639,5.393565
19.050000,-0.021614,0.107255,-0.016065,-78.959640,-26.808339,5.443786
19.100000,-0.021614,0.107255,-0.016065,-78.959640,-26.808339,5.443786
19.150000,-0.022301,0.108174,-0.015630,-79.713990,-27.027139,5.494367
19.200000,-0.021430,0.108500,-0.015807,-80.478864,-27.248710,5.545694
19.250000,-0.021803,0.108481,-0.015931,-81.242805,-27.469701,5.596989
19.300000,-0.022386,0.108881,-0.015486,-82.011544,-27.691772,5.648634
19.350000,-0.022386,0.108881,-0.015486,-82.011544,-27.691772,5.648634
19.400000,-0.022781,0.109319,-0.016260,-82.785081,-27.914948,5.700635
19.450000,-0.022190,0.109943,-0.016311,-83.569328,-28.140943,5.753374
19.500000,-0.022166,0.109809,-0.016256,-84.352518,-28.366358,5.806071
19.550000,-0.022166,0.109809,-0.016256,-84.352518,-28.366358,5.806071
19.600000,-0.022214,0.110529,-0.016340,-85.140543,-28.592891,5.859126
19.650000,-0.022975,0.110540,-0.016430,-85.939451,-28.822259,5.912960
19.700000,-0.022512,0.110707,-0.016239,-86.737240,-29.051041,5.966753
19.750000,-0.022553,0.111139,-0.015776,-87.089324,-29.151924,5.990501
19.800000,-0.022485,0.111741,-0.015688,-87.539904,-29.280952,6.020897
19.850000,-0.022330,0.111710,-0.015807,-88.347480,-29.511979,6.075403
19.900000,-0.022542,0.112506,-0.016556,-89.166134,-29.745889,6.130692
19.950000,-0.023039,0.112302,-0.016012,-89.983574,-29.979156,6.185934
20.000000,-0.023039,0.112302,-0.016012,-89.983574,-29.979156,6.185934
20.050000,-0.022663,0.113482,-0.016329,-90.805942,-30.213548,6.241554
20.100000,-0.022720,0.113117,-0.016250,-91.633277,-30.449058,6.297544
20.150000,-0.023265,0.113970,-0.016418,-92.471899,-30.687472,6.354336
20.200000,-0.023265,0.113970,-0.016418,-92.471899,-30.687472,6.354336
20.250000,-0.022693,0.113105,-0.017427,-93.309228,-30.925235,6.411084
20.300000,-0.023204,0.113815,-0.016790,-94.151556,-31.164130,6.468213
20.350000,-0.022397,0.114642,-0.016229,-94.998882,-31.404151,6.525715
20.400000,-0.022618,0.113716,-0.016587,-95.192155,-31.458857,6.538836
20.450000,-0.023122,0.114914,-0.016743,-95.857699,-31.647120,6.584033
20.500000,-0.022479,0.115199,-0.017046,-96.715115,-31.889420,6.642296
20.550000,-0.023114,0.115332,-0.016790,-97.577584,-32.132865,6.700939
20.600000,-0.023049,0.115689,-0.017140,-98.392397,-32.362596,6.756371
20.650000,-0.023593,0.115812,-0.017066,-98.451711,-32.379308,6.760407
20.700000,-0.023487,0.116975,-0.017021,-99.324371,-32.625038,6.819809
20.750000,-0.023454,0.116510,-0.017342,-100.202143,-32.871921,6.879617
20.800000,-0.023845,0.117450,-0.016885,-101.085037,-33.119958,6.939829
20.850000,-0.023845,0.117450,-0.016885,-101.085037,-33.119958,6.939829
20.900000,-0.022808,0.117736,-0.016604,-101.979834,-33.371029,7.000900
20.950000,-0.023256,0.117955,-0.017510,-102.873069,-33.621332,7.061908
21.000000,-0.023505,0.117559,-0.017387,-103.771467,-33.872798,7.123326
21.050000,-0.023505,0.117559,-0.017387,-103.771467,-33.872798,7.123326
21.100000,-0.022958,0.118772,-0.017617,-104.675032,-34.125418,7.185136
21.150000,-0.023468,0.119005,-0.017793,-105.590696,-34.381128,7.247830
21.200000,-0.023453,0.119474,-0.017521,-106.504702,-34.636067,7.310463
21.250000,-0.023302,0.119038,-0.018290,-107.409961,-34.888269,7.372547
21.300000,-0.023487,0.119317,-0.018328,-107.423928,-34.892158,7.373505
21.350000,-0.023563,0.119787,-0.017790,-108.348402,-35.149385,7.436965
21.400000,-0.023394,0.120030,-0.017614,-109.285199,-35.409718,7.501323
21.450000,-0.023445,0.120369,-0.017993,-110.220237,-35.669225,7.565622
21.500000,-0.023445,0.120369,-0.017993,-110.220237,-35.669225,7.565622
21.550000,-0.024132,0.120454,-0.017745,-111.160570,-35.929890,7.630343
21.600000,-0.023668,0.121210,-0.018241,-112.113388,-36.193696,7.695980
21.650000,-0.023096,0.121883,-0.017947,-113.064379,-36.456687,7.761550
21.700000,-0.023472,0.121268,-0.017926,-113.411514,-36.552604,7.785499
21.750000,-0.023407,0.121430,-0.018328,-114.020698,-36.720822,7.827547
21.800000,-0.023321,0.121652,-0.018328,-114.982359,-36.986101,7.893980
21.850000,-0.023420,0.122550,-0.018361,-115.956706,-37.254565,7.961345
21.900000,-0.023983,0.123124,-0.018670,-116.929116,-37.522181,8.028618
21.950000,-0.023983,0.123124,-0.018670,-116.929116,-37.522181,8.028618
22.000000,-0.023972,0.122905,-0.018622,-117.906905,-37.790972,8.096309
22.050000,-0.024159,0.123659,-0.018253,-118.890075,-38.060940,8.164410
22.100000,-0.024222,0.123420,-0.018624,-119.886189,-38.334149,8.233459
22.150000,-0.024222,0.123420,-0.018624,-119.886189,-38.334149,8.233459
22.200000,-0.023919,0.124249,-0.018194,-120.880254,-38.606491,8.302421
22.250000,-0.023527,0.125063,-0.018544,-121.879768,-38.880013,8.371811
22.300000,-0.023522,0.124971,-0.018954,-122.884758,-39.154691,8.441637
22.350000,-0.023522,0.124971,-0.018954,-122.884758,-39.154691,8.441637
22.400000,-0.023729,0.124911,-0.018554,-123.902901,-39.432621,8.512432
22.450000,-0.024234,0.125781,-0.018232,-124.918889,-39.709620,8.583137
22.500000,-0.024790,0.125721,-0.018448,-125.940373,-39.987794,8.654284
22.550000,-0.024537,0.125017,-0.018862,-126.258773,-40.074440,8.676471
22.600000,-0.023693,0.126091,-0.018976,-126.975155,-40.269283,8.726406
22.650000,-0.024405,0.126549,-0.018995,-128.007696,-40.549822,8.798437
22.700000,-0.024426,0.126943,-0.018457,-129.045777,-40.831543,8.870916
22.750000,-0.024579,0.127126,-0.019721,-130.089411,-41.114433,8.943837
22.800000,-0.024579,0.127126,-0.019721,-130.089411,-41.114433,8.943837
22.850000,-0.024428,0.127974,-0.019195,-131.146592,-41.400681,9.017781
22.900000,-0.024729,0.127606,-0.019844,-132.201441,-41.685975,9.091644
22.950000,-0.025593,0.128355,-0.019266,-133.261899,-41.972462,9.165964
23.000000,-0.025593,0.128355,-0.019266,-133.261899,-41.972462,9.165964
23.050000,-0.025024,0.129257,-0.019613,-134.327985,-42.260151,9.240740
23.100000,-0.024602,0.129709,-0.019573,-135.407863,-42.551224,9.316548
23.150000,-0.023861,0.129774,-0.019608,-136.485313,-42.841305,9.392247
23.200000,-0.025071,0.129487,-0.019712,-137.568432,-43.132561,9.468413
23.250000,-0.025071,0.129487,-0.019712,-137.568432,-43.132561,9.468413
23.300000,-0.024927,0.130791,-0.019282,-138.657236,-43.425020,9.545040
23.350000,-0.024506,0.130723,-0.020119,-139.760064,-43.720922,9.622721
23.400000,-0.024491,0.131104,-0.020112,-140.860332,-44.015799,9.700275
23.450000,-0.024491,0.131104,-0.020112,-140.860332,-44.015799,9.700275
23.500000,-0.025542,0.131459,-0.020185,-141.966330,-44.311888,9.778292
23.550000,-0.025302,0.131836,-0.019969,-143.086532,-44.611442,9.857392
23.600000,-0.025572,0.131989,-0.019548,-144.204104,-44.909966,9.936375
23.650000,-0.025572,0.131989,-0.019548,-144.204104,-44.909966,9.936375
23.700000,-0.024963,0.132403,-0.019909,-145.327439,-45.209721,10.015826
23.750000,-0.025346,0.132657,-0.020056,-146.456561,-45.510693,10.095755
23.800000,-0.025537,0.133140,-0.020297,-147.600106,-45.815177,10.176789
23.850000,-0.025193,0.133539,-0.020526,-148.740893,-46.118599,10.257717
23.900000,-0.025193,0.133539,-0.020526,-148.740893,-46.118599,10.257717
23.950000,-0.025057,0.133559,-0.019585,-149.887512,-46.423227,10.339143
24.000000,-0.024999,0.134142,-0.019524,-151.039957,-46.729061,10.421065
24.050000,-0.025426,0.134616,-0.020635,-152.207053,-47.038437,10.504094
24.100000,-0.025426,0.134616,-0.020635,-152.207053,-47.038437,10.504094
24.150000,-0.025650,0.134116,-0.020119,-153.371269,-47.346713,10.586976
24.200000,-0.025084,0.135633,-0.020489,-154.541374,-47.656199,10.670344
24.250000,-0.024805,0.135153,-0.020382,-155.717404,-47.966884,10.754209
24.300000,-0.024805,0.135153,-0.020382,-155.717404,-47.966884,10.754209
24.350000,-0.025291,0.136136,-0.020481,-156.908334,-48.281140,10.839232
24.400000,-0.025396,0.136357,-0.020902,-158.096264,-48.594248,10.924128
24.450000,-0.026129,0.136690,-0.020247,-159.290139,-48.908590,11.009520
24.500000,-0.025520,0.136545,-0.021478,-160.499090,-49.226561,11.096071
24.550000,-0.025520,0.136545,-0.021478,-160.499090,-49.226561,11.096071
24.600000,-0.026018,0.137211,-0.021317,-161.704956,-49.543370,11.182490
24.650000,-0.025476,0.137322,-0.021191,-162.916805,-49.861399,11.269401
24.700000,-0.025501,0.137511,-0.020886,-164.134663,-50.180676,11.356826
24.750000,-0.025501,0.137511,-0.020886,-164.134663,-50.180676,11.356826
24.800000,-0.025669,0.138084,-0.020884,-165.367841,-50.503613,11.445434
24.850000,-0.026613,0.138569,-0.020323,-166.597816,-50.825334,11.533894
24.900000,-0.026744,0.138631,-0.020476,-167.833838,-51.148295,11.622884
24.950000,-0.026938,0.139808,-0.020652,-169.075923,-51.472501,11.712394
25.000000,-0.026938,0.139808,-0.020652,-169.075923,-51.472501,11.712394
25.050000,-0.027046,0.139557,-0.020968,-170.333574,-51.800437,11.803109
25.100000,-0.026599,0.139839,-0.020218,-171.587884,-52.127160,11.893665
25.150000,-0.026056,0.140016,-0.021138,-172.848324,-52.455154,11.984747
25.200000,-0.026056,0.140016,-0.021138,-172.848324,-52.455154,11.984747
25.250000,-0.026145,0.141104,-0.020772,-174.114884,-52.784411,12.076359
25.300000,-0.025665,0.140916,-0.020349,-175.397258,-53.117444,12.169201
25.350000,-0.026638,0.141638,-0.020881,-176.676156,-53.449233,12.261888
25.400000,-0.026638,0.141638,-0.020881,-176.676156,-53.449233,12.261888
25.450000,-0.027164,0.142223,-0.020623,-177.961211,-53.782284,12.355117
25.500000,-0.026971,0.142359,-0.021137,-179.262255,-54.119169,12.449610
25.550000,-0.027356,0.142955,-0.021505,-180.559743,-54.454802,12.543935
25.600000,-0.026703,0.142826,-0.021715,-180.983755,-54.564413,12.574780
25.650000,-0.026735,0.142551,-0.021220,-181.863457,-54.791717,12.638808
25.700000,-0.027177,0.143337,-0.021037,-183.173381,-55.129912,12.734239
25.750000,-0.026848,0.143561,-0.020954,-184.499543,-55.471965,12.830941
25.800000,-0.026289,0.143822,-0.021318,-185.822005,-55.812748,12.927456
25.850000,-0.026289,0.143822,-0.021318,-185.822005,-55.812748,12.927456
25.900000,-0.026732,0.143954,-0.021060,-187.150739,-56.154813,13.024519
25.950000,-0.026551,0.144197,-0.021489,-188.485779,-56.498140,13.122119
26.000000,-0.026949,0.144490,-0.021476,-189.837303,-56.845340,13.221004
26.050000,-0.026949,0.144490,-0.021476,-189.837303,-56.845340,13.221004
26.100000,-0.027102,0.145486,-0.021438,-191.185005,-57.191215,13.319705
26.150000,-0.027028,0.145171,-0.021645,-192.539034,-57.538355,13.418973
26.200000,-0.027770,0.145613,-0.021693,-193.899407,-57.886765,13.518800
26.250000,-0.027770,0.145613,-0.021693,-193.899407,-57.886765,13.518800
26.300000,-0.027567,0.146111,-0.022405,-195.276518,-58.239132,13.619947
26.350000,-0.027319,0.147389,-0.021552,-196.649678,-58.590151,13.720902
26.400000,-0.027477,0.146634,-0.022285,-198.029230,-58.942478,13.822434
26.450000,-0.027843,0.147139,-0.022037,-198.500995,-59.062884,13.857183
26.500000,-0.027859,0.146825,-0.022660,-199.425706,-59.298786,13.925326
26.550000,-0.027696,0.147437,-0.021153,-200.818105,-59.653721,14.028010
26.600000,-0.028409,0.148142,-0.022381,-202.216933,-60.009961,14.131270
26.650000,-0.027155,0.148184,-0.022875,-203.622197,-60.367539,14.235109
26.700000,-0.027155,0.148184,-0.022875,-203.622197,-60.367539,14.235109
26.750000,-0.027240,0.148836,-0.022567,-205.044644,-60.729146,14.340341
26.800000,-0.027475,0.148843,-0.022365,-206.462906,-61.089320,14.445378
26.850000,-0.027865,0.149756,-0.022409,-207.887664,-61.450783,14.550999
26.900000,-0.027865,0.149756,-0.022409,-207.887664,-61.450783,14.550999
26.950000,-0.028276,0.149361,-0.022235,-209.318916,-61.813555,14.657208
27.000000,-0.027979,0.149655,-0.022952,-210.767581,-62.180410,14.764820
27.050000,-0.028507,0.150771,-0.022680,-212.211902,-62.545846,14.872211
27.100000,-0.028507,0.150771,-0.022680,-212.211902,-62.545846,14.872211
27.150000,-0.028477,0.150593,-0.022566,-213.662755,-62.912612,14.980185
27.200000,-0.027477,0.150992,-0.022366,-215.120163,-63.280698,15.088746
27.250000,-0.027818,0.150833,-0.022604,-216.595246,-63.652900,15.198724
27.300000,-0.027712,0.152282,-0.023276,-218.065842,-64.023638,15.308482
27.350000,-0.027712,0.152282,-0.023276,-218.065842,-64.023638,15.308482
27.400000,-0.027839,0.152243,-0.023434,-219.543055,-64.395697,15.418846
27.450000,-0.028278,0.152735,-0.022802,-221.038153,-64.771911,15.530661
27.500000,-0.028108,0.153367,-0.023089,-222.528678,-65.146624,15.642246
27.550000,-0.028108,0.153367,-0.023089,-222.528678,-65.146624,15.642246
27.600000,-0.028358,0.152647,-0.023313,-224.025865,-65.522662,15.754451
27.650000,-0.027759,0.153669,-0.023950,-225.529702,-65.900027,15.867266
27.700000,-0.028934,0.154470,-0.023962,-227.051682,-66.281594,15.981569
27.750000,-0.028934,0.154470,-0.023962,-227.051682,-66.281594,15.981569
27.800000,-0.028603,0.154443,-0.022754,-228.568956,-66.661653,16.095659
27.850000,-0.028406,0.154840,-0.022504,-230.092955,-67.043056,16.210386
27.900000,-0.029542,0.154485,-0.023568,-231.623703,-67.425786,16.325727
27.950000,-0.029340,0.154391,-0.023066,-233.172854,-67.812783,16.442569
28.000000,-0.029340,0.154391,-0.023066,-233.172854,-67.812783,16.442569
28.050000,-0.029302,0.155340,-0.023762,-234.717126,-68.198227,16.559173
28.100000,-0.028963,0.155410,-0.023814,-236.268157,-68.585027,16.676406
28.150000,-0.028967,0.156381,-0.024100,-237.825953,-68.973181,16.794275
28.200000,-0.028967,0.156381,-0.024100,-237.825953,-68.973181,16.794275
28.250000,-0.028642,0.156288,-0.024114,-239.402413,-69.365635,16.913679
28.300000,-0.028905,0.156462,-0.024072,-240.973856,-69.756478,17.032807
28.350000,-0.029469,0.156570,-0.024028,-242.552095,-70.148664,17.152569
28.400000,-0.028663,0.157264,-0.023560,-244.149186,-70.545192,17.273881
28.450000,-0.028663,0.157264,-0.023560,-244.149186,-70.545192,17.273881
28.500000,-0.028748,0.157209,-0.023821,-245.741131,-70.940077,17.394917
28.550000,-0.029264,0.157320,-0.023243,-247.339935,-71.336280,17.516605
28.600000,-0.028951,0.157982,-0.024189,-248.945599,-71.733818,17.638941
28.650000,-0.028951,0.157982,-0.024189,-248.945599,-71.733818,17.638941
28.700000,-0.029291,0.158602,-0.024072,-250.570396,-72.135727,17.762852
28.750000,-0.029271,0.158572,-0.023938,-252.189895,-72.535966,17.886495
28.800000,-0.029071,0.159414,-0.024707,-253.816278,-72.937568,18.010790
28.850000,-0.029071,0.159414,-0.024707,-253.816278,-72.937568,18.010790
28.900000,-0.029883,0.159376,-0.023556,-255.449583,-73.340532,18.135745
28.950000,-0.029827,0.159766,-0.024361,-257.102284,-73.747943,18.262321
29.000000,-0.029177,0.160333,-0.024059,-258.749531,-74.153654,18.388609
29.050000,-0.028416,0.160019,-0.024681,-259.788870,-74.409462,18.468364
29.100000,-0.028855,0.160115,-0.024265,-260.403753,-74.560732,18.515571
29.150000,-0.029898,0.161244,-0.024413,-262.064955,-74.969162,18.643195
29.200000,-0.030113,0.161626,-0.025181,-263.745832,-75.382066,18.772471
29.250000,-0.029341,0.161323,-0.024571,-265.421118,-75.793257,18.901473
29.300000,-0.029341,0.161323,-0.024571,-265.421118,-75.793257,18.901473
29.350000,-0.029194,0.161513,-0.024830,-267.103412,-76.205811,19.031154
29.400000,-0.029838,0.162416,-0.025015,-268.805564,-76.622881,19.162491
29.450000,-0.029544,0.162621,-0.024855,-270.501990,-77.038201,19.293523
29.500000,-0.029544,0.162621,-0.024855,-270.501990,-77.038201,19.293523
29.550000,-0.029903,0.162394,-0.024476,-272.205478,-77.454887,19.425220
29.600000,-0.030165,0.164041,-0.024925,-273.916050,-77.872944,19.557590
29.650000,-0.029633,0.163866,-0.024781,-275.646762,-78.295552,19.691665
29.700000,-0.028600,0.164061,-0.024933,-276.338453,-78.464346,19.745288
29.750000,-0.029776,0.164560,-0.024667,-277.371598,-78.716352,19.825426
29.800000,-0.029700,0.164677,-0.025233,-279.103583,-79.138515,19.959879
29.850000,-0.030087,0.164536,-0.024195,-280.842727,-79.562058,20.095028
29.900000,-0.030204,0.165666,-0.024634,-282.549270,-79.977302,20.227765
29.950000,-0.029913,0.165907,-0.024756,-282.602296,-79.990199,20.231892
30.000000,-0.029821,0.166265,-0.025067,-284.355855,-80.416522,20.368427
30.050000,-0.030134,0.165979,-0.024493,-286.116619,-80.844234,20.505658
30.100000,-0.030121,0.166459,-0.025252,-287.884585,-81.273317,20.643587
30.150000,-0.030121,0.166459,-0.025252,-287.884585,-81.273317,20.643587
30.200000,-0.029571,0.166388,-0.025256,-289.673239,-81.707040,20.783271
30.250000,-0.029819,0.167212,-0.025418,-291.455699,-82.138894,20.922615
30.300000,-0.030070,0.167226,-0.025265,-293.245410,-82.572139,21.062664
30.350000,-0.030070,0.167226,-0.025265,-293.245410,-82.572139,21.062664
30.400000,-0.030397,0.167379,-0.025361,-295.056026,-83.010077,21.204487
30.450000,-0.030695,0.167761,-0.025780,-296.860329,-83.446138,21.345962
30.500000,-0.029840,0.168757,-0.024875,-298.671922,-83.883608,21.488153
30.550000,-0.030701,0.168079,-0.024935,-300.490813,-84.322452,21.631073
30.600000,-0.030701,0.168079,-0.024935,-300.490813,-84.322452,21.631073
30.650000,-0.030512,0.169247,-0.025964,-302.330889,-84.766025,21.775803
30.700000,-0.030973,0.169645,-0.025817,-304.164500,-85.207669,21.920173
30.750000,-0.031622,0.169984,-0.025652,-306.005471,-85.650735,22.065278
30.800000,-0.031622,0.169984,-0.025652,-306.005471,-85.650735,22.065278
30.850000,-0.030924,0.170970,-0.025706,-307.853839,-86.095230,22.211124
30.900000,-0.031618,0.170687,-0.025068,-309.723692,-86.544554,22.358816
30.950000,-0.031463,0.171102,-0.026034,-311.586922,-86.991944,22.506138
31.000000,-0.031084,0.171318,-0.025758,-313.457566,-87.440779,22.654190
31.050000,-0.031084,0.171318,-0.025758,-313.457566,-87.440779,22.654190
31.100000,-0.031752,0.171685,-0.025523,-315.335622,-87.891039,22.802983
31.150000,-0.031476,0.171784,-0.025940,-317.235446,-88.346156,22.953657
31.200000,-0.031991,0.172569,-0.026122,-319.128487,-88.799289,23.103939
31.250000,-0.031991,0.172569,-0.026122,-319.128487,-88.799289,23.103939
31.300000,-0.031693,0.173018,-0.025774,-321.029019,-89.253864,23.254969
31.350000,-0.030867,0.172931,-0.025734,-322.951538,-89.713323,23.407912
31.400000,-0.031079,0.173350,-0.026061,-324.867133,-90.170746,23.560463
31.450000,-0.030717,0.174345,-0.026198,-326.790248,-90.629611,23.713757
31.500000,-0.030717,0.174345,-0.026198,-326.790248,-90.629611,23.713757
31.550000,-0.031193,0.174013,-0.026442,-328.720895,-91.089901,23.867819
31.600000,-0.031728,0.174988,-0.026012,-330.673797,-91.555131,24.023844
31.650000,-0.031744,0.175966,-0.025513,-332.619646,-92.018333,24.179476
31.700000,-0.031744,0.175966,-0.025513,-332.619646,-92.018333,24.179476
31.750000,-0.032081,0.176809,-0.025775,-334.573124,-92.482984,24.335873
31.800000,-0.032003,0.175610,-0.026413,-336.534223,-92.949095,24.493055
31.850000,-0.031585,0.176903,-0.026784,-338.517886,-93.420215,24.652208
31.900000,-0.031585,0.176903,-0.026784,-338.517886,-93.420215,24.652208
31.950000,-0.032086,0.176265,-0.026472,-340.494293,-93.889237,24.810948
32.000000,-0.031383,0.176982,-0.025881,-342.478340,-94.359697,24.970463
32.050000,-0.032522,0.177973,-0.026195,-344.470070,-94.831612,25.130765
32.100000,-0.032635,0.178008,-0.026856,-346.484678,-95.308575,25.293083
32.150000,-0.032635,0.178008,-0.026856,-346.484678,-95.308575,25.293083
32.200000,-0.031913,0.178295,-0.025747,-348.491861,-95.783420,25.454978
32.250000,-0.033058,0.178724,-0.026539,-350.506762,-96.259738,25.617661
32.300000,-0.031944,0.178631,-0.026901,-352.544755,-96.741166,25.782384
32.350000,-0.031944,0.178631,-0.026901,-352.544755,-96.741166,25.782384
32.400000,-0.032035,0.178747,-0.027040,-354.575199,-97.220429,25.946678
32.450000,-0.032460,0.179299,-0.026863,-356.613396,-97.701163,26.111778
32.500000,-0.032649,0.180056,-0.026540,-358.659349,-98.183382,26.277682
32.550000,-0.032649,0.180056,-0.026540,-358.659349,-98.183382,26.277682
32.600000,-0.032707,0.180545,-0.027363,-360.728677,-98.670733,26.445664
32.650000,-0.032673,0.180111,-0.026566,-362.790290,-99.155907,26.613197
32.700000,-0.032522,0.180884,-0.026704,-364.859725,-99.642576,26.781552
32.750000,-0.032781,0.180570,-0.027452,-366.936984,-100.130726,26.950721
32.800000,-0.032781,0.180570,-0.027452,-366.936984,-100.130726,26.950721
32.850000,-0.032080,0.180973,-0.027277,-369.037902,-100.624066,27.121992
32.900000,-0.032448,0.181915,-0.027180,-371.130927,-101.115183,27.292805
32.950000,-0.032137,0.182279,-0.027368,-373.231827,-101.607778,27.464456
33.000000,-0.032137,0.182279,-0.027368,-373.231827,-101.607778,27.464456
33.050000,-0.032117,0.182525,-0.027330,-375.340605,-102.101843,27.636945
33.100000,-0.033069,0.182681,-0.027627,-377.473333,-102.601145,27.811568
33.150000,-0.032377,0.183151,-0.026651,-379.597955,-103.098194,27.985712
33.200000,-0.032377,0.183151,-0.026651,-379.597955,-103.098194,27.985712
33.250000,-0.032994,0.183525,-0.027579,-381.730500,-103.596732,28.160689
33.300000,-0.033106,0.183545,-0.027694,-383.887232,-104.100552,28.337835
33.350000,-0.033143,0.183821,-0.027268,-386.035724,-104.602096,28.514494
33.400000,-0.032798,0.183924,-0.027604,-386.672028,-104.750566,28.566850
33.450000,-0.032811,0.184102,-0.027566,-388.192172,-105.105140,28.691997
33.500000,-0.033390,0.184658,-0.027491,-390.356604,-105.609669,28.870339
33.550000,-0.033839,0.185304,-0.027873,-392.545529,-106.119531,29.050899
33.600000,-0.033589,0.185383,-0.027597,-394.726029,-106.627071,29.230962
33.650000,-0.033589,0.185383,-0.027597,-394.726029,-106.627071,29.230962
33.700000,-0.033656,0.185974,-0.027554,-396.914553,-107.136112,29.411889
33.750000,-0.034001,0.186647,-0.028275,-399.111114,-107.646651,29.593672
33.800000,-0.033651,0.186581,-0.027501,-401.332474,-108.162620,29.777718
33.850000,-0.034044,0.186472,-0.028103,-403.545248,-108.676241,29.961256
33.900000,-0.034044,0.186472,-0.028103,-403.545248,-108.676241,29.961256
33.950000,-0.033692,0.186989,-0.027189,-405.766110,-109.191370,30.145660
34.000000,-0.033989,0.186898,-0.027559,-407.995062,-109.708022,30.330936
34.050000,-0.034056,0.188160,-0.027774,-410.249104,-110.230130,30.518505
34.100000,-0.034056,0.188160,-0.027774,-410.249104,-110.230130,30.518505
34.150000,-0.033476,0.188136,-0.028185,-412.494373,-110.749839,30.705542
34.200000,-0.034016,0.187877,-0.028292,-414.747781,-111.271056,30.893455
34.250000,-0.033638,0.188736,-0.028333,-417.026511,-111.797766,31.083700
34.300000,-0.033748,0.188749,-0.028881,-418.315162,-112.095470,31.191381
34.350000,-0.034086,0.188918,-0.028137,-419.296293,-112.322058,31.273413
34.400000,-0.033911,0.189784,-0.028657,-421.574249,-112.847876,31.464022
34.450000,-0.034295,0.189964,-0.028461,-423.860410,-113.375228,31.655530
34.500000,-0.033413,0.190916,-0.029652,-426.172183,-113.908131,31.849386
34.550000,-0.033413,0.190916,-0.029652,-426.172183,-113.908131,31.849386
34.600000,-0.033694,0.191169,-0.028901,-428.474840,-114.438560,32.042691
34.650000,-0.033416,0.190868,-0.029002,-430.785754,-114.970515,32.236896
34.700000,-0.034232,0.191157,-0.029011,-433.104933,-115.503990,32.432014
34.750000,-0.034232,0.191157,-0.029011,-433.104933,-115.503990,32.432014
34.800000,-0.033454,0.191657,-0.028896,-435.450045,-116.043044,32.629533
34.850000,-0.033681,0.192075,-0.029833,-437.785841,-116.579572,32.826477
34.900000,-0.033815,0.192605,-0.029656,-440.129958,-117.117616,33.024346
34.950000,-0.033815,0.192605,-0.029656,-440.129958,-117.117616,33.024346
35.000000,-0.033902,0.192423,-0.029514,-442.482404,-117.657179,33.223141
35.050000,-0.034054,0.193204,-0.029054,-444.861101,-118.202370,33.424362
35.100000,-0.034311,0.193343,-0.028966,-447.230297,-118.744976,33.624993
35.150000,-0.034398,0.194414,-0.029483,-449.607851,-119.289123,33.826556
35.200000,-0.034398,0.194414,-0.029483,-449.607851,-119.289123,33.826556
35.250000,-0.035051,0.194112,-0.029174,-452.011897,-119.838941,34.030601
35.300000,-0.034477,0.194126,-0.029834,-454.406291,-120.386190,34.234048
35.350000,-0.034689,0.194307,-0.029797,-456.809086,-120.934985,34.438421
35.400000,-0.034689,0.194307,-0.029797,-456.809086,-120.934985,34.438421
35.450000,-0.034887,0.195047,-0.029495,-459.220301,-121.485313,34.643732
35.500000,-0.034693,0.195493,-0.030100,-461.658339,-122.041366,34.851549
35.550000,-0.034767,0.196416,-0.029375,-464.086560,-122.594781,35.058753
35.600000,-0.034651,0.195916,-0.029410,-465.894816,-123.006651,35.213196
35.650000,-0.034838,0.196350,-0.029313,-466.523261,-123.149741,35.266901
35.700000,-0.034605,0.196100,-0.030038,-468.968440,-123.706236,35.476001
35.750000,-0.034704,0.196519,-0.030290,-471.440718,-124.268506,35.687633
35.800000,-0.034407,0.196687,-0.030157,-473.902948,-124.828114,35.898620
35.850000,-0.034407,0.196687,-0.030157,-473.902948,-124.828114,35.898620
35.900000,-0.035367,0.198081,-0.030362,-476.373694,-125.389274,36.110568
35.950000,-0.035513,0.198459,-0.030176,-478.852995,-125.951983,36.323496
36.000000,-0.035040,0.198403,-0.030562,-481.359747,-126.520525,36.539014
36.050000,-0.035040,0.198403,-0.030562,-481.359747,-126.520525,36.539014
36.100000,-0.034531,0.198381,-0.030283,-483.856259,-127.086357,36.753873
36.150000,-0.035396,0.199511,-0.030153,-486.361358,-127.653735,36.969689
36.200000,-0.035910,0.199329,-0.030477,-488.894129,-128.226999,37.188123
36.250000,-0.035542,0.199820,-0.030321,-491.416492,-128.797544,37.405894
36.300000,-0.035542,0.199820,-0.030321,-491.416492,-128.797544,37.405894
36.350000,-0.035243,0.200223,-0.030442,-493.947475,-129.369665,37.624644
36.400000,-0.035288,0.200017,-0.030577,-496.487110,-129.943358,37.844370
36.450000,-0.035507,0.200463,-0.030876,-499.054726,-130.523008,38.066762
36.500000,-0.035507,0.200463,-0.030876,-499.054726,-130.523008,38.066762
36.550000,-0.036497,0.201096,-0.030670,-501.611757,-131.099902,38.288480
36.600000,-0.035670,0.201065,-0.030283,-504.177500,-131.678400,38.511184
36.650000,-0.036511,0.201831,-0.030869,-506.751948,-132.258493,38.734888
36.700000,-0.036511,0.201831,-0.030869,-506.751948,-132.258493,38.734888
36.750000,-0.036519,0.202114,-0.030954,-509.354708,-132.844605,38.961287
36.800000,-0.036456,0.202042,-0.031078,-511.946638,-133.427924,39.186995
36.850000,-0.036297,0.202097,-0.030887,-514.547292,-134.012858,39.413724
36.900000,-0.036761,0.203100,-0.030742,-517.156661,-134.599402,39.641461
36.950000,-0.036761,0.203100,-0.030742,-517.156661,-134.599402,39.641461
37.000000,-0.036454,0.203878,-0.031350,-519.794670,-135.192040,39.871938
37.050000,-0.036718,0.204434,-0.031125,-522.421679,-135.781846,40.101703
37.100000,-0.036715,0.204866,-0.032022,-525.057519,-136.373260,40.332489
37.150000,-0.036715,0.204866,-0.032022,-525.057519,-136.373260,40.332489
37.200000,-0.037309,0.204379,-0.031830,-527.722260,-136.970809,40.566056
37.250000,-0.036542,0.204934,-0.031357,-530.375834,-137.565507,40.798904
37.300000,-0.036703,0.205323,-0.031577,-533.038275,-138.161804,41.032787
37.350000,-0.036918,0.204550,-0.031490,-533.583958,-138.283972,41.080754
37.400000,-0.037088,0.205725,-0.031084,-535.709583,-138.759714,41.267701
37.450000,-0.037005,0.205945,-0.031408,-538.410115,-139.363812,41.505445
37.500000,-0.037097,0.206183,-0.031059,-541.099271,-139.965016,41.742421
37.550000,-0.037614,0.206759,-0.032014,-543.797334,-140.567866,41.980435
37.600000,-0.037614,0.206759,-0.032014,-543.797334,-140.567866,41.980435
37.650000,-0.037152,0.206558,-0.031163,-546.504328,-141.172378,42.219480
37.700000,-0.037212,0.207179,-0.031897,-549.240860,-141.783135,42.461396
37.750000,-0.038011,0.207777,-0.031854,-551.965794,-142.390947,42.702542
37.800000,-0.038011,0.207777,-0.031854,-551.965794,-142.390947,42.702542
37.850000,-0.037169,0.208324,-0.031346,-554.699698,-143.000421,42.944740
37.900000,-0.037478,0.208151,-0.031073,-557.442595,-143.611544,43.188007
37.950000,-0.037910,0.208516,-0.031449,-560.215355,-144.228958,43.434190
38.000000,-0.037865,0.208898,-0.031543,-562.976305,-144.843389,43.679585
38.050000,-0.037865,0.208898,-0.031543,-562.976305,-144.843389,43.679585
38.100000,-0.038069,0.209735,-0.031805,-565.746287,-145.459477,43.926044
38.150000,-0.037242,0.209268,-0.032143,-568.546392,-146.081898,44.175455
38.200000,-0.037054,0.210091,-0.031748,-571.334508,-146.701287,44.424053
38.250000,-0.037054,0.210091,-0.031748,-571.334508,-146.701287,44.424053
38.300000,-0.037516,0.210796,-0.032061,-574.131667,-147.322302,44.673719
38.350000,-0.037638,0.211104,-0.032473,-576.937908,-147.944966,44.924472
38.400000,-0.037015,0.210282,-0.032216,-579.774612,-148.574011,45.178235
38.450000,-0.037286,0.210813,-0.032481,-582.599107,-149.199982,45.431176
38.500000,-0.037286,0.210813,-0.032481,-582.599107,-149.199982,45.431176
38.550000,-0.038224,0.211694,-0.031728,-585.432714,-149.827602,45.685196
38.600000,-0.038030,0.211889,-0.032703,-588.275450,-150.456876,45.940300
38.650000,-0.037743,0.211973,-0.032579,-591.148990,-151.092571,46.198435
38.700000,-0.037743,0.211973,-0.032579,-591.148990,-151.092571,46.198435
38.750000,-0.037909,0.212481,-0.032536,-594.010112,-151.725131,46.455739
38.800000,-0.037540,0.212599,-0.032658,-596.880404,-152.359354,46.714131
38.850000,-0.037479,0.212794,-0.032879,-599.759884,-152.995234,46.973637
38.900000,-0.037479,0.212794,-0.032879,-599.759884,-152.995234,46.973637
38.950000,-0.037376,0.213621,-0.033236,-602.670477,-153.637585,47.236227
39.000000,-0.037925,0.213535,-0.033230,-605.568430,-154.276739,47.497950
39.050000,-0.038063,0.214465,-0.033241,-608.475586,-154.917533,47.760782
39.100000,-0.038119,0.214389,-0.033125,-609.402527,-155.121770,47.844644
39.150000,-0.037786,0.214336,-0.033116,-611.414106,-155.564853,48.026725
39.200000,-0.038104,0.214308,-0.033090,-614.339814,-156.208966,48.291786
39.250000,-0.038332,0.215152,-0.033609,-617.274807,-156.854738,48.557973
39.300000,-0.038186,0.215683,-0.033951,-620.219091,-157.502164,48.825273
39.350000,-0.038186,0.215683,-0.033951,-620.219091,-157.502164,48.825273
39.400000,-0.038494,0.215114,-0.033365,-623.195078,-158.156162,49.095734
39.450000,-0.038016,0.216041,-0.033398,-626.158016,-158.806901,49.365294
39.500000,-0.038085,0.216138,-0.033399,-629.130261,-159.459281,49.635984
39.550000,-0.038326,0.216502,-0.033917,-632.111844,-160.113309,49.907814
39.600000,-0.038326,0.216502,-0.033917,-632.111844,-160.113309,49.907814
39.650000,-0.038603,0.216838,-0.033343,-635.125459,-160.773970,50.182866
39.700000,-0.037692,0.216976,-0.033614,-638.125821,-161.431325,50.457007
39.750000,-0.038384,0.217521,-0.033648,-641.135563,-162.090310,50.732310
39.800000,-0.038384,0.217521,-0.033648,-641.135563,-162.090310,50.732310
39.850000,-0.038492,0.218435,-0.033432,-644.154708,-162.750947,51.008760
39.900000,-0.038267,0.218880,-0.033413,-647.206226,-163.418275,51.288468
39.950000,-0.039059,0.219224,-0.033588,-650.244257,-164.082258,51.567236
40.000000,-0.039059,0.219224,-0.033588,-650.244257,-164.082258,51.567236
40.050000,-0.038443,0.220217,-0.033758,-653.291743,-164.747928,51.847161
40.100000,-0.037776,0.220142,-0.034462,-656.371900,-165.420323,52.130383
40.150000,-0.038227,0.220506,-0.033983,-659.438424,-166.089318,52.412641
40.200000,-0.038591,0.220486,-0.033949,-662.514460,-166.759984,52.696076
40.250000,-0.038591,0.220486,-0.033949,-662.514460,-166.759984,52.696076
40.300000,-0.037969,0.221002,-0.034334,-665.599990,-167.432332,52.980672
40.350000,-0.038809,0.220736,-0.034457,-668.718518,-168.111452,53.268619
40.400000,-0.039246,0.221126,-0.034454,-671.823154,-168.787162,53.555588
40.450000,-0.039246,0.221126,-0.034454,-671.823154,-168.787162,53.555588
40.500000,-0.038858,0.222105,-0.033577,-674.937324,-169.464568,53.843737
40.550000,-0.037754,0.222856,-0.034464,-678.061056,-170.143639,54.133070
40.600000,-0.038575,0.222620,-0.034713,-681.218137,-170.829524,54.425819
40.650000,-0.038575,0.222620,-0.034713,-681.218137,-170.829524,54.425819
40.700000,-0.039017,0.222555,-0.034272,-684.361120,-171.511918,54.717573
40.750000,-0.038752,0.224229,-0.035058,-687.513708,-172.196010,55.010507
40.800000,-0.038094,0.224303,-0.034526,-690.675916,-172.881774,55.304643
40.850000,-0.039005,0.224468,-0.034883,-693.871822,-173.574417,55.602245
40.900000,-0.039005,0.224468,-0.034883,-693.871822,-173.574417,55.602245
40.950000,-0.038612,0.224122,-0.034545,-697.053386,-174.263545,55.898825
41.000000,-0.038710,0.224051,-0.034016,-700.244620,-174.954350,56.196617
41.050000,-0.038785,0.225086,-0.034588,-703.469811,-175.652057,56.497886
41.100000,-0.038785,0.225086,-0.034588,-703.469811,-175.652057,56.497886
41.150000,-0.039227,0.224894,-0.035301,-706.680488,-176.346189,56.798122
41.200000,-0.039399,0.225377,-0.034025,-709.900859,-177.042008,57.099572
41.250000,-0.039732,0.225990,-0.034400,-713.130957,-177.739530,57.402245
41.300000,-0.039732,0.225990,-0.034400,-713.130957,-177.739530,57.402245
41.350000,-0.039275,0.227177,-0.034615,-716.395362,-178.444066,57.708457
41.400000,-0.039532,0.226191,-0.035447,-719.645022,-179.145006,58.013600
41.450000,-0.040186,0.227045,-0.035476,-722.904454,-179.847637,58.319988
41.500000,-0.039915,0.227245,-0.035049,-725.603323,-180.429126,58.573922
41.550000,-0.040026,0.228045,-0.035419,-726.173662,-180.551974,58.627611
41.600000,-0.040453,0.227088,-0.035549,-729.477552,-181.263376,58.938821
41.650000,-0.040093,0.228073,-0.035302,-732.766431,-181.971153,59.248931
41.700000,-0.040656,0.228158,-0.034975,-736.065123,-182.680646,59.560285
41.750000,-0.040656,0.228158,-0.034975,-736.065123,-182.680646,59.560285
41.800000,-0.039636,0.229015,-0.035747,-739.373638,-183.391857,59.872893
41.850000,-0.040136,0.228506,-0.035254,-742.717141,-184.110192,60.189151
41.900000,-0.040840,0.229111,-0.035650,-746.045374,-184.824847,60.504294
41.950000,-0.040840,0.229111,-0.035650,-746.045374,-184.824847,60.504294
42.000000,-0.040476,0.229724,-0.035860,-749.383482,-185.541235,60.820700
42.050000,-0.040515,0.229793,-0.035871,-752.756870,-186.264829,61.140801
42.100000,-0.041279,0.230872,-0.035813,-756.114815,-186.984745,61.459782
42.150000,-0.040608,0.230160,-0.035423,-759.482659,-187.706421,61.780040
42.200000,-0.040608,0.230160,-0.035423,-759.482659,-187.706421,61.780040
42.250000,-0.040778,0.231163,-0.035591,-762.860419,-188.429831,62.101575
42.300000,-0.040839,0.232004,-0.035762,-766.273824,-189.160476,62.426827
42.350000,-0.040978,0.231823,-0.035294,-769.671586,-189.887375,62.750918
42.400000,-0.040978,0.231823,-0.035294,-769.671586,-189.887375,62.750918
42.450000,-0.040996,0.232703,-0.035543,-773.079334,-190.616020,63.076285
42.500000,-0.041633,0.233218,-0.036032,-776.497083,-191.346416,63.402955
42.550000,-0.041390,0.233040,-0.035612,-779.950847,-192.084133,63.733427
42.600000,-0.041390,0.233040,-0.035612,-779.950847,-192.084133,63.733427
42.650000,-0.041636,0.233274,-0.035825,-783.388727,-192.818079,64.062736
42.700000,-0.041346,0.233224,-0.035655,-786.836639,-193.553796,64.393353
42.750000,-0.041634,0.233549,-0.035318,-790.294583,-194.291287,64.725273
42.800000,-0.041672,0.233894,-0.035610,-793.446888,-194.963277,65.028158
42.850000,-0.041894,0.234409,-0.035563,-793.788887,-195.036165,65.061037
42.900000,-0.041865,0.235036,-0.036241,-797.267016,-195.777229,65.395609
42.950000,-0.041920,0.235062,-0.035927,-800.755242,-196.520081,65.731491
43.000000,-0.041935,0.236055,-0.035395,-804.280121,-197.270364,66.071255
43.050000,-0.041935,0.236055,-0.035395,-804.280121,-197.270364,66.071255
43.100000,-0.041827,0.236054,-0.035894,-807.788678,-198.016769,66.409809
43.150000,-0.042132,0.236216,-0.035971,-811.307371,-198.764948,66.749694
43.200000,-0.042188,0.236563,-0.036381,-814.836231,-199.514918,67.090917
43.250000,-0.042188,0.236563,-0.036381,-814.836231,-199.514918,67.090917
43.300000,-0.042243,0.236874,-0.035913,-818.402110,-200.272389,67.436081
43.350000,-0.041215,0.237774,-0.035735,-821.951403,-201.025964,67.780009
43.400000,-0.042279,0.237465,-0.035802,-825.510908,-201.781311,68.125297
43.450000,-0.041827,0.238175,-0.036128,-829.080627,-202.538455,68.471931
43.500000,-0.041827,0.238175,-0.036128,-829.080627,-202.538455,68.471931
43.550000,-0.041899,0.238156,-0.036943,-832.687746,-203.303152,68.822554
43.600000,-0.042001,0.238798,-0.036633,-836.278027,-204.063909,69.171893
43.650000,-0.041611,0.238773,-0.036808,-839.878585,-204.826454,69.522599
43.700000,-0.041611,0.238773,-0.036808,-839.878585,-204.826454,69.522599
43.750000,-0.042852,0.239409,-0.037084,-843.489423,-205.590774,69.874665
43.800000,-0.042169,0.240322,-0.036363,-847.138023,-206.362690,70.230786
43.850000,-0.041756,0.239979,-0.036518,-850.769553,-207.130578,70.585609
43.900000,-0.041725,0.240233,-0.036669,-854.411411,-207.900244,70.941812
43.950000,-0.041725,0.240233,-0.036669,-854.411411,-207.900244,70.941812
44.000000,-0.041763,0.241034,-0.036712,-858.091309,-208.677527,71.302114
44.050000,-0.042336,0.241324,-0.037013,-861.753938,-209.450745,71.661086
44.100000,-0.042226,0.241631,-0.036950,-865.426923,-210.225745,72.021435
44.150000,-0.042226,0.241631,-0.036950,-865.426923,-210.225745,72.021435
44.200000,-0.042636,0.241651,-0.036957,-869.110280,-211.002534,72.383168
44.250000,-0.042772,0.242050,-0.037167,-872.832039,-211.787021,72.749051
44.300000,-0.042981,0.242661,-0.037429,-876.536254,-212.567403,73.113583
44.350000,-0.042981,0.242661,-0.037429,-876.536254,-212.567403,73.113583
44.400000,-0.042782,0.242401,-0.036970,-880.250874,-213.349584,73.479505
44.450000,-0.043182,0.243060,-0.036593,-883.975908,-214.133563,73.846835
44.500000,-0.042514,0.244058,-0.037192,-887.739725,-214.925300,74.218394
44.550000,-0.043444,0.244029,-0.036796,-891.485757,-215.712885,74.588593
44.600000,-0.043444,0.244029,-0.036796,-891.485757,-215.712885,74.588593
44.650000,-0.042298,0.244578,-0.037193,-895.242276,-216.502283,74.960221
44.700000,-0.042056,0.244055,-0.037114,-899.009296,-217.293463,75.333276
44.750000,-0.043282,0.244767,-0.037034,-902.815469,-218.092436,75.710603
44.800000,-0.043282,0.244767,-0.037034,-902.815469,-218.092436,75.710603
44.850000,-0.042756,0.245143,-0.037773,-906.603583,-218.887216,76.086522
44.900000,-0.042852,0.245439,-0.037668,-910.402227,-219.683809,76.463850
44.950000,-0.042362,0.245814,-0.038157,-914.240307,-220.488255,76.845471
45.000000,-0.042362,0.245814,-0.038157,-914.240307,-220.488255,76.845471
45.050000,-0.042674,0.245644,-0.037639,-918.060144,-221.288452,77.225656
45.100000,-0.042948,0.246149,-0.038000,-921.890534,-222.090468,77.607265
45.150000,-0.043468,0.246395,-0.038288,-925.731506,-222.894301,77.990299
45.200000,-0.043738,0.247133,-0.038024,-929.612289,-223.706085,78.377685
45.250000,-0.043738,0.247133,-0.038024,-929.612289,-223.706085,78.377685
45.300000,-0.043231,0.247494,-0.038036,-933.474545,-224.513625,78.763606
45.350000,-0.043975,0.247267,-0.038162,-937.347422,-225.322994,79.150977
45.400000,-0.043634,0.248613,-0.038326,-941.230931,-226.134210,79.539789
45.450000,-0.043634,0.248613,-0.038326,-941.230931,-226.134210,79.539789
45.500000,-0.043090,0.248221,-0.038552,-945.154638,-226.953448,79.933042
45.550000,-0.043156,0.248880,-0.037918,-949.059553,-227.768350,80.324821
45.600000,-0.043647,0.248963,-0.038798,-952.975148,-228.585065,80.718073
45.650000,-0.043276,0.249217,-0.038277,-956.901432,-229.403616,81.112793
45.700000,-0.043276,0.249217,-0.038277,-956.901432,-229.403616,81.112793
45.750000,-0.043621,0.248937,-0.038939,-960.868281,-230.230214,81.511988
45.800000,-0.043618,0.249691,-0.037472,-964.816032,-231.052416,81.909665
45.850000,-0.043379,0.250410,-0.039037,-968.774500,-231.876452,82.308831
45.900000,-0.043379,0.250410,-0.039037,-968.774500,-231.876452,82.308831
45.950000,-0.043750,0.250972,-0.038750,-972.773832,-232.708590,82.712530
46.000000,-0.043519,0.251418,-0.039012,-976.753905,-233.536312,83.114667
46.050000,-0.043480,0.251554,-0.038727,-980.744773,-234.365871,83.518301
46.100000,-0.043533,0.251632,-0.038672,-982.774572,-234.787633,83.723750
46.150000,-0.043750,0.252195,-0.038929,-984.746441,-235.197254,83.923435
46.200000,-0.043772,0.252283,-0.038404,-988.789369,-236.036792,84.333152
46.250000,-0.044662,0.252537,-0.039056,-992.812758,-236.871855,84.741295
46.300000,-0.044449,0.254113,-0.038759,-996.846991,-237.708778,85.150943
46.350000,-0.044449,0.254113,-0.038759,-996.846991,-237.708778,85.150943
46.400000,-0.044274,0.253751,-0.039654,-1000.892087,-238.547558,85.562109
46.450000,-0.043895,0.253351,-0.039626,-1004.978803,-239.394553,85.977910
46.500000,-0.044405,0.254374,-0.039539,-1009.045717,-240.237034,86.392105
46.550000,-0.044405,0.254374,-0.039539,-1009.045717,-240.237034,86.392105
46.600000,-0.044862,0.254759,-0.039265,-1013.123539,-241.081368,86.807816
46.650000,-0.043704,0.254549,-0.039684,-1017.212275,-241.927566,87.225049
46.700000,-0.044550,0.254671,-0.039611,-1021.343025,-242.782050,87.646999
46.750000,-0.044211,0.255426,-0.040021,-1025.453683,-243.631959,88.067325
46.800000,-0.044211,0.255426,-0.040021,-1025.453683,-243.631959,88.067325
46.850000,-0.043630,0.255363,-0.039804,-1029.575292,-244.483713,88.489197
46.900000,-0.044010,0.256055,-0.040151,-1033.739211,-245.343772,88.915819
46.950000,-0.044074,0.256299,-0.039870,-1037.882856,-246.199212,89.340787
47.000000,-0.044074,0.256299,-0.039870,-1037.882856,-246.199212,89.340787
47.050000,-0.044876,0.257243,-0.040142,-1042.037511,-247.056513,89.767329
47.100000,-0.044996,0.257119,-0.039413,-1046.203184,-247.915671,90.195437
47.150000,-0.044440,0.257601,-0.039921,-1050.411557,-248.783222,90.628366
47.200000,-0.044440,0.257601,-0.039921,-1050.411557,-248.783222,90.628366
47.250000,-0.044192,0.257578,-0.040272,-1054.599369,-249.646121,91.059604
47.300000,-0.044952,0.258849,-0.039968,-1058.798219,-250.510883,91.492401
47.350000,-0.044628,0.258463,-0.040192,-1063.008142,-251.377512,91.926772
47.400000,-0.044835,0.258833,-0.040097,-1066.812941,-252.160385,92.319714
47.450000,-0.044748,0.259276,-0.039905,-1067.261156,-252.252587,92.366026
47.500000,-0.044503,0.259820,-0.040667,-1071.493336,-253.122937,92.803559
47.550000,-0.044780,0.259709,-0.040408,-1075.736651,-253.995139,93.242686
47.600000,-0.045137,0.259835,-0.040547,-1079.991087,-254.869222,93.683422
47.650000,-0.045137,0.259835,-0.040547,-1079.991087,-254.869222,93.683422
47.700000,-0.044148,0.260135,-0.041073,-1084.289024,-255.751811,94.129108
47.750000,-0.044859,0.259801,-0.040632,-1088.565834,-256.629621,94.573049
47.800000,-0.045555,0.261232,-0.040640,-1092.853805,-257.509325,95.018586
47.850000,-0.045555,0.261232,-0.040640,-1092.853805,-257.509325,95.018586
47.900000,-0.045182,0.261437,-0.040631,-1097.185576,-258.397601,95.469112
47.950000,-0.045718,0.261488,-0.040543,-1101.496033,-259.281101,95.917864
48.000000,-0.045608,0.261753,-0.040441,-1105.817711,-260.166491,96.368238
48.050000,-0.045182,0.262721,-0.040961,-1107.326392,-260.475480,96.525567
48.100000,-0.045269,0.262563,-0.040901,-1110.150639,-261.053773,96.820233
48.150000,-0.045727,0.263167,-0.041173,-1114.527787,-261.949688,97.277290
48.200000,-0.045983,0.262925,-0.040777,-1118.883331,-262.840772,97.732528
48.250000,-0.045373,0.264102,-0.041158,-1123.250168,-263.733764,98.189410
48.300000,-0.045373,0.264102,-0.041158,-1123.250168,-263.733764,98.189410
48.350000,-0.045883,0.264146,-0.040726,-1127.628320,-264.628635,98.647931
48.400000,-0.045948,0.264393,-0.041024,-1132.051098,-265.532209,99.111592
48.450000,-0.046022,0.264872,-0.041611,-1136.451989,-266.430910,99.573420
48.500000,-0.046022,0.264872,-0.041611,-1136.451989,-266.430910,99.573420
48.550000,-0.046300,0.265257,-0.040933,-1140.864206,-267.331525,100.036897
48.600000,-0.046102,0.265329,-0.040646,-1145.287777,-268.234049,100.502028
48.650000,-0.046164,0.265992,-0.041353,-1149.756362,-269.145345,100.972346
48.700000,-0.046583,0.265910,-0.040979,-1151.708690,-269.543368,101.177975
48.750000,-0.046176,0.266411,-0.040386,-1154.202777,-270.051724,101.440791
48.800000,-0.046222,0.266887,-0.040410,-1158.660590,-270.960023,101.910904
48.850000,-0.047059,0.267440,-0.040770,-1163.163735,-271.877152,102.386254
48.900000,-0.046718,0.266520,-0.041226,-1167.644503,-272.789318,102.859692
48.950000,-0.046718,0.266520,-0.041226,-1167.644503,-272.789318,102.859692
49.000000,-0.046539,0.267432,-0.041126,-1172.136715,-273.703406,103.334791
49.050000,-0.046410,0.267757,-0.040927,-1176.640383,-274.619420,103.811570
49.100000,-0.047001,0.268766,-0.041507,-1181.189758,-275.544322,104.293666
49.150000,-0.047001,0.268766,-0.041507,-1181.189758,-275.544322,104.293666
49.200000,-0.046014,0.267948,-0.041728,-1185.716473,-276.464208,104.773827
49.250000,-0.047071,0.269605,-0.041790,-1190.254689,-277.386005,105.255677
49.300000,-0.046578,0.269294,-0.040727,-1194.804436,-278.309731,105.739232
49.350000,-0.046578,0.269294,-0.040727,-1194.804436,-278.309731,105.739232
49.400000,-0.046988,0.269280,-0.041667,-1199.400310,-279.242406,106.228162
49.450000,-0.047187,0.269671,-0.041638,-1203.973197,-280.170030,106.715112
49.500000,-0.046744,0.269912,-0.041606,-1208.557613,-281.099594,107.203767
49.550000,-0.047347,0.271183,-0.040722,-1213.153580,-282.031098,107.694121
49.600000,-0.047347,0.271183,-0.040722,-1213.153580,-282.031098,107.694121
49.650000,-0.048166,0.270592,-0.040793,-1217.796090,-282.971639,108.189922
49.700000,-0.047820,0.271988,-0.041416,-1222.415323,-283.907078,108.683709
49.750000,-0.047550,0.271859,-0.042039,-1227.046181,-284.844474,109.179219
49.800000,-0.047550,0.271859,-0.042039,-1227.046181,-284.844474,109.179219
49.850000,-0.047259,0.272136,-0.041500,-1231.723866,-285.790959,109.680233
49.900000,-0.047380,0.272963,-0.041839,-1236.378079,-286.732290,110.179213
49.950000,-0.047926,0.273256,-0.041967,-1241.043971,-287.675575,110.679937
50.000000,-0.047771,0.273262,-0.041429,-1245.721549,-288.620839,111.182420
50.050000,-0.047771,0.273262,-0.041429,-1245.721549,-288.620839,111.182420
50.100000,-0.048058,0.273197,-0.042037,-1250.446398,-289.575265,111.690471
50.150000,-0.048573,0.273835,-0.041194,-1255.147478,-290.524512,112.196457
50.200000,-0.048628,0.273402,-0.042144,-1259.860274,-291.475759,112.704203
50.250000,-0.048628,0.273402,-0.042144,-1259.860274,-291.475759,112.704203
50.300000,-0.048645,0.274715,-0.042333,-1264.584794,-292.428982,113.213705
50.350000,-0.048715,0.275544,-0.041633,-1269.356968,-293.391454,113.728842
50.400000,-0.048157,0.275942,-0.042501,-1274.105059,-294.348724,114.241896
50.450000,-0.048157,0.275942,-0.042501,-1274.105059,-294.348724,114.241896
50.500000,-0.047950,0.275475,-0.043015,-1278.864915,-295.307976,114.756729
50.550000,-0.047204,0.275942,-0.042643,-1283.636553,-296.269204,115.273340
50.600000,-0.047336,0.276445,-0.042784,-1288.456269,-297.239691,115.795660
50.650000,-0.048444,0.276817,-0.042238,-1293.251606,-298.204839,116.315846
50.700000,-0.048444,0.276817,-0.042238,-1293.251606,-298.204839,116.315846
50.750000,-0.049046,0.276838,-0.043096,-1298.058773,-299.171969,116.837824
50.800000,-0.049195,0.277625,-0.042455,-1302.914348,-300.148450,117.365568
50.850000,-0.048278,0.277731,-0.042120,-1307.745332,-301.119579,117.891154
50.900000,-0.048278,0.277731,-0.042120,-1307.745332,-301.119579,117.891154
50.950000,-0.047973,0.277711,-0.042086,-1312.588188,-302.092687,118.418540
51.000000,-0.048138,0.278301,-0.042586,-1317.442923,-303.067774,118.947716
51.050000,-0.048655,0.278905,-0.043012,-1322.346467,-304.052279,119.482723
51.100000,-0.048655,0.278905,-0.043012,-1322.346467,-304.052279,119.482723
51.150000,-0.049016,0.278116,-0.043332,-1327.225109,-305.031391,120.015521
51.200000,-0.049487,0.279540,-0.043206,-1332.115670,-306.012500,120.550135
51.250000,-0.048720,0.279871,-0.042500,-1337.018179,-306.995623,121.086579
51.300000,-0.048746,0.280519,-0.042697,-1341.969932,-307.988229,121.628929
51.350000,-0.048746,0.280519,-0.042697,-1341.969932,-307.988229,121.628929
51.400000,-0.049304,0.280675,-0.043081,-1346.896471,-308.975391,122.169053
51.450000,-0.049737,0.281502,-0.042769,-1351.835008,-309.964562,122.711006
51.500000,-0.048927,0.281863,-0.043639,-1356.785588,-310.955748,123.254795
51.550000,-0.048927,0.281863,-0.043639,-1356.785588,-310.955748,123.254795
51.600000,-0.048690,0.281346,-0.043302,-1361.785856,-311.956463,123.804579
51.650000,-0.049554,0.281960,-0.043668,-1366.760615,-312.951660,124.352088
51.700000,-0.049021,0.282240,-0.043419,-1371.747420,-313.948859,124.901441
51.750000,-0.049726,0.282601,-0.043526,-1376.784213,-314.955644,125.456849
51.800000,-0.049726,0.282601,-0.043526,-1376.784213,-314.955644,125.456849
51.850000,-0.049515,0.282989,-0.043585,-1381.795268,-315.956905,126.009958
51.900000,-0.049579,0.283316,-0.043030,-1386.818426,-316.960188,126.564931
51.950000,-0.049835,0.283826,-0.043673,-1391.853688,-317.965483,127.121789
52.000000,-0.049835,0.283826,-0.043673,-1391.853688,-317.965483,127.121789
52.050000,-0.049891,0.284020,-0.043800,-1396.939369,-318.980431,127.684784
52.100000,-0.049893,0.284206,-0.043100,-1401.999005,-319.989774,128.245428
52.150000,-0.049978,0.284961,-0.043623,-1407.070798,-321.001146,128.807946
52.200000,-0.049978,0.284961,-0.043623,-1407.070798,-321.001146,128.807946
52.250000,-0.048950,0.285412,-0.044508,-1412.154766,-322.014544,129.372345
52.300000,-0.049514,0.284950,-0.043591,-1417.289564,-323.037656,129.942938
52.350000,-0.049843,0.285620,-0.044557,-1422.397973,-324.055094,130.511154
52.400000,-0.049021,0.285509,-0.044337,-1426.198468,-324.811777,130.934235
52.450000,-0.049445,0.285648,-0.044109,-1427.518580,-325.074556,131.081261
52.500000,-0.049419,0.286179,-0.043583,-1432.651397,-326.096020,131.653263
52.550000,-0.049446,0.286647,-0.044376,-1437.835462,-327.127246,132.231526
52.600000,-0.049831,0.286967,-0.043866,-1442.992835,-328.152713,132.807367
52.650000,-0.049831,0.286967,-0.043866,-1442.992835,-328.152713,132.807367
52.700000,-0.050387,0.287319,-0.044042,-1448.162477,-329.180183,133.385128
52.750000,-0.050743,0.287701,-0.044402,-1453.383691,-330.217485,133.969212
52.800000,-0.049656,0.288506,-0.044736,-1458.577984,-331.249003,134.550844
52.850000,-0.049656,0.288506,-0.044736,-1458.577984,-331.249003,134.550844
52.900000,-0.050042,0.288282,-0.044223,-1463.784577,-332.282532,135.134421
52.950000,-0.049503,0.288559,-0.044467,-1469.003485,-333.318081,135.719935
53.000000,-0.049612,0.289517,-0.044765,-1474.274391,-334.363518,136.311843
53.050000,-0.049612,0.289517,-0.044765,-1474.274391,-334.363518,136.311843
53.100000,-0.049782,0.289625,-0.045351,-1479.518076,-335.403106,136.901259
53.150000,-0.050223,0.289862,-0.044852,-1484.774130,-336.444709,137.492631
53.200000,-0.049872,0.289784,-0.045687,-1490.042540,-337.488340,138.085960
53.250000,-0.050418,0.289809,-0.045323,-1492.001386,-337.876266,138.306712
53.300000,-0.050498,0.290584,-0.044474,-1495.363379,-338.541938,138.685772
53.350000,-0.050648,0.290715,-0.045590,-1500.656671,-339.589659,139.283038
53.400000,-0.049427,0.291559,-0.045896,-1505.962405,-340.639421,139.882267
53.450000,-0.050575,0.291296,-0.044559,-1511.280599,-341.691191,140.483463
53.500000,-0.050575,0.291296,-0.044559,-1511.280599,-341.691191,140.483463
53.550000,-0.049856,0.292632,-0.045345,-1516.651664,-342.752987,141.091206
53.600000,-0.050193,0.292335,-0.045814,-1521.994864,-343.808823,141.696356
53.650000,-0.050769,0.292601,-0.045822,-1527.350526,-344.866673,142.303480
53.700000,-0.050769,0.292601,-0.045822,-1527.350526,-344.866673,142.303480
53.750000,-0.050747,0.293206,-0.045201,-1532.759385,-345.934583,142.917220
53.800000,-0.050825,0.292788,-0.045418,-1538.140130,-346.996515,143.528367
53.850000,-0.050405,0.293974,-0.046109,-1543.533393,-348.060493,144.141505
53.900000,-0.050779,0.294604,-0.045534,-1548.816185,-349.102267,144.742637
53.950000,-0.050898,0.294578,-0.045607,-1548.939183,-349.126517,144.756640
54.000000,-0.050855,0.294865,-0.045612,-1554.398632,-350.202696,145.378470
54.050000,-0.050606,0.294670,-0.044993,-1559.829652,-351.272837,145.997645
54.100000,-0.051111,0.295503,-0.044683,-1565.273256,-352.345006,146.618832
54.150000,-0.051111,0.295503,-0.044683,-1565.273256,-352.345006,146.618832
54.200000,-0.050689,0.295451,-0.045530,-1570.729448,-353.419221,147.242044
54.250000,-0.050582,0.295984,-0.045702,-1576.239732,-354.503625,147.872049
54.300000,-0.050922,0.296047,-0.045739,-1581.721229,-355.581921,148.499356
54.350000,-0.050976,0.295760,-0.045849,-1587.215335,-356.662254,149.128693
54.400000,-0.050976,0.295760,-0.045849,-1587.215335,-356.662254,149.128693
54.450000,-0.051255,0.296916,-0.045715,-1592.722076,-357.744657,149.760058
54.500000,-0.051404,0.297374,-0.045799,-1598.283325,-358.837358,150.398265
54.550000,-0.051266,0.297433,-0.046040,-1603.815476,-359.923913,151.033731
54.600000,-0.051266,0.297433,-0.046040,-1603.815476,-359.923913,151.033731
54.650000,-0.050943,0.297830,-0.046365,-1609.360311,-361.012525,151.671266
54.700000,-0.051564,0.298516,-0.046651,-1614.959997,-362.111464,152.315712
54.750000,-0.051528,0.298716,-0.046646,-1620.530359,-363.204219,152.957396
54.800000,-0.051728,0.299074,-0.046534,-1626.113455,-364.299031,153.601168
54.850000,-0.051728,0.299074,-0.046534,-1626.113455,-364.299031,153.601168
54.900000,-0.051624,0.299729,-0.046518,-1631.709312,-365.395905,154.247029
54.950000,-0.051549,0.299191,-0.046881,-1637.360494,-366.503183,154.899887
55.000000,-0.051380,0.300513,-0.047119,-1642.982001,-367.604218,155.549916
55.050000,-0.051380,0.300513,-0.047119,-1642.982001,-367.604218,155.549916
55.100000,-0.051001,0.300236,-0.046561,-1648.616316,-368.707326,156.202037
55.150000,-0.051596,0.300545,-0.046926,-1654.263441,-369.812491,156.856257
55.200000,-0.051540,0.302295,-0.046565,-1659.966326,-370.928125,157.517565
55.250000,-0.051540,0.302295,-0.046565,-1659.966326,-370.928125,157.517565
55.300000,-0.052035,0.301670,-0.046971,-1665.639246,-372.037443,158.176026
55.350000,-0.051989,0.302039,-0.046384,-1671.325019,-373.148841,158.836600
55.400000,-0.052554,0.302573,-0.046637,-1677.023663,-374.262305,159.499293
55.450000,-0.052428,0.302932,-0.047192,-1682.778523,-375.386341,160.169149
55.500000,-0.052428,0.302932,-0.047192,-1682.778523,-375.386341,160.169149
55.550000,-0.052299,0.303464,-0.046980,-1688.503084,-376.504032,160.836113
55.600000,-0.052170,0.303614,-0.046504,-1694.240581,-377.623805,161.505208
55.650000,-0.052183,0.304107,-0.046991,-1700.034632,-378.754182,162.181526
55.700000,-0.052183,0.304107,-0.046991,-1700.034632,-378.754182,162.181526
55.750000,-0.052693,0.304386,-0.046927,-1705.798126,-379.878176,162.854914
55.800000,-0.052605,0.304731,-0.046742,-1711.574582,-381.004288,163.530449
55.850000,-0.052311,0.304641,-0.046724,-1717.364020,-382.132500,164.208133
55.900000,-0.052299,0.304579,-0.046651,-1719.472487,-382.543279,164.455098
55.950000,-0.052617,0.304765,-0.047321,-1723.210450,-383.271382,164.893125
56.000000,-0.052907,0.305586,-0.046298,-1729.025977,-384.403816,165.575123
56.050000,-0.052945,0.306196,-0.047387,-1734.854532,-385.538354,166.259271
56.100000,-0.052458,0.305886,-0.047170,-1740.696130,-386.674990,166.945583
56.150000,-0.052458,0.305886,-0.047170,-1740.696130,-386.674990,166.945583
56.200000,-0.052538,0.305823,-0.046462,-1746.595192,-387.822353,167.639286
56.250000,-0.052895,0.306812,-0.047468,-1752.462990,-388.963213,168.329951
56.300000,-0.053761,0.307351,-0.047192,-1758.343859,-390.106181,169.022791
56.350000,-0.053761,0.307351,-0.047192,-1758.343859,-390.106181,169.022791
56.400000,-0.052614,0.307551,-0.046838,-1764.237834,-391.251273,169.717820
56.450000,-0.053065,0.308270,-0.046889,-1770.189732,-392.407173,170.420325
56.500000,-0.052216,0.307714,-0.047528,-1776.110045,-393.556492,171.119739
56.550000,-0.052216,0.307714,-0.047528,-1776.110045,-393.556492,171.119739
56.600000,-0.053064,0.308952,-0.047291,-1782.043475,-394.707910,171.821350
56.650000,-0.053209,0.308834,-0.047837,-1788.035144,-395.870195,172.530505
56.700000,-0.053041,0.309515,-0.047637,-1793.994977,-397.025873,173.236538
56.750000,-0.053772,0.310415,-0.047481,-1799.967991,-398.183665,173.944796
56.800000,-0.053772,0.310415,-0.047481,-1799.967991,-398.183665,173.944796
56.850000,-0.053492,0.310005,-0.047858,-1805.954191,-399.343576,174.655284
56.900000,-0.053148,0.310482,-0.047828,-1811.999085,-400.514404,175.373391
56.950000,-0.052915,0.310540,-0.048047,-1818.011807,-401.678549,176.088327
57.000000,-0.052915,0.310540,-0.048047,-1818.011807,-401.678549,176.088327
57.050000,-0.053217,0.310905,-0.047377,-1824.037758,-402.844814,176.805497
57.100000,-0.053382,0.311362,-0.047985,-1830.076934,-404.013204,177.524903
57.150000,-0.054403,0.311819,-0.048551,-1836.175265,-405.192585,178.252004
57.200000,-0.054403,0.311819,-0.048551,-1836.175265,-405.192585,178.252004
57.250000,-0.053506,0.312615,-0.047566,-1842.241077,-406.365240,178.975879
57.300000,-0.052880,0.313044,-0.048438,-1848.320177,-407.540027,179.702010
57.350000,-0.053895,0.313088,-0.048278,-1854.412571,-408.716938,180.430410
57.400000,-0.053605,0.313511,-0.048908,-1860.564592,-409.904912,181.166599
57.450000,-0.053605,0.313511,-0.048908,-1860.564592,-409.904912,181.166599
57.500000,-0.053621,0.313753,-0.048108,-1866.683741,-411.086078,181.899531
57.550000,-0.054047,0.314561,-0.048651,-1872.816237,-412.269370,182.634730
57.600000,-0.053951,0.314267,-0.047973,-1879.008694,-413.463788,183.377797
57.650000,-0.053951,0.314267,-0.047973,-1879.008694,-413.463788,183.377797
57.700000,-0.053861,0.314221,-0.048362,-1885.168006,-414.651374,184.117564
57.750000,-0.053433,0.313836,-0.049052,-1891.340709,-415.841078,184.859611
57.800000,-0.054171,0.314667,-0.048570,-1897.526806,-417.032898,185.603945
57.850000,-0.054171,0.314667,-0.048570,-1897.526806,-417.032898,185.603945
57.900000,-0.054033,0.315356,-0.048624,-1903.773330,-418.235912,186.356223
57.950000,-0.054425,0.316000,-0.048716,-1909.986368,-419.432024,187.105126
58.000000,-0.053627,0.316401,-0.048757,-1916.212859,-420.630283,187.856330
58.050000,-0.054285,0.315841,-0.048832,-1918.149585,-421.002905,188.090130
58.100000,-0.054486,0.316737,-0.048953,-1922.452812,-421.830681,188.609845
58.150000,-0.055188,0.316836,-0.048960,-1928.753667,-423.042349,189.371404
58.200000,-0.054774,0.318164,-0.048917,-1935.020673,-424.247079,190.129551
58.250000,-0.053479,0.317437,-0.048495,-1941.301183,-425.453950,190.890013
58.300000,-0.053479,0.317437,-0.048495,-1941.301183,-425.453950,190.890013
58.350000,-0.054154,0.318157,-0.049235,-1947.595200,-426.662931,191.652789
58.400000,-0.053896,0.317794,-0.049329,-1953.950573,-427.883247,192.423702
58.450000,-0.054467,0.318664,-0.049664,-1960.271747,-429.096535,193.191155
58.500000,-0.054467,0.318664,-0.049664,-1960.271747,-429.096535,193.191155
58.550000,-0.054385,0.318945,-0.049089,-1966.606481,-430.311967,193.960952
58.600000,-0.054707,0.319188,-0.049408,-1973.002918,-431.538783,194.738950
58.650000,-0.054893,0.319812,-0.049937,-1979.364906,-432.758551,195.513452
58.700000,-0.054893,0.319812,-0.049937,-1979.364906,-432.758551,195.513452
58.750000,-0.055064,0.319945,-0.049197,-1985.740499,-433.980468,196.290309
58.800000,-0.054707,0.320217,-0.049038,-1992.129704,-435.204527,197.069525
58.850000,-0.054573,0.320272,-0.049599,-1998.581093,-436.440051,197.857029
58.900000,-0.055190,0.321316,-0.049886,-2004.267816,-437.528743,198.551777
58.950000,-0.054881,0.321228,-0.049413,-2004.997659,-437.668442,198.640982
59.000000,-0.055227,0.320747,-0.049546,-2011.427890,-438.898997,199.427319
59.050000,-0.055506,0.320751,-0.050017,-2017.871773,-440.131713,200.216035
59.100000,-0.054867,0.321848,-0.049384,-2024.378301,-441.375963,201.013136
59.150000,-0.054867,0.321848,-0.049384,-2024.378301,-441.375963,201.013136
59.200000,-0.054905,0.321510,-0.050291,-2030.849657,-442.613020,201.806644
59.250000,-0.054703,0.322735,-0.050250,-2037.334718,-443.852229,202.602537
59.300000,-0.055081,0.323411,-0.049957,-2043.833498,-445.093582,203.400828
59.350000,-0.055081,0.323411,-0.049957,-2043.833498,-445.093582,203.400828
59.400000,-0.054844,0.323170,-0.049988,-2050.395409,-446.346523,204.207594
59.450000,-0.054615,0.323066,-0.050005,-2056.921779,-447.592210,205.010688
59.500000,-0.055139,0.323703,-0.049687,-2063.461869,-448.840032,205.816184
59.550000,-0.054821,0.323938,-0.049976,-2066.190962,-449.360593,206.152518
59.600000,-0.054730,0.323114,-0.050718,-2070.065412,-450.099481,206.630226
59.650000,-0.055180,0.324952,-0.050092,-2076.633111,-451.351618,207.440580
59.700000,-0.055498,0.325115,-0.050321,-2083.214602,-452.605926,208.253342
59.750000,-0.054844,0.325176,-0.050368,-2089.809913,-453.862397,209.068513
59.800000,-0.054844,0.325176,-0.050368,-2089.809913,-453.862397,209.068513
59.850000,-0.054860,0.325874,-0.050347,-2096.469161,-455.130556,209.892316
59.900000,-0.054217,0.325677,-0.050400,-2103.092243,-456.391339,210.712374
59.950000,-0.055090,0.326310,-0.050836,-2109.729167,-457.654258,211.534872
60.000000,-0.055090,0.326310,-0.050836,-2109.729167,-457.654258,211.534872
